2026-08-10T11:28:21.012+0530 [DEBUG] [org.gradle.launcher.daemon.bootstrap.DaemonMain] Assuming the daemon was started with following jvm opts: [-XX:MaxMetaspaceSize=384m, -XX:+HeapDumpOnOutOfMemoryError, -Xms256m, -Xmx512m, -Dfile.encoding=UTF-8, -Duser.country=LK, -Duser.language=en, -Duser.variant]
2026-08-10T11:28:21.065+0530 [DEBUG] [org.gradle.internal.remote.internal.inet.InetAddresses] Adding IP addresses for network interface utun3
2026-08-10T11:28:21.065+0530 [DEBUG] [org.gradle.internal.remote.internal.inet.InetAddresses] Is this a loopback interface? false
2026-08-10T11:28:21.065+0530 [DEBUG] [org.gradle.internal.remote.internal.inet.InetAddresses] Adding remote address /fe80:0:0:0:ce81:b1c:bd2c:69e%utun3
2026-08-10T11:28:21.065+0530 [DEBUG] [org.gradle.internal.remote.internal.inet.InetAddresses] Adding IP addresses for network interface utun2
2026-08-10T11:28:21.066+0530 [DEBUG] [org.gradle.internal.remote.internal.inet.InetAddresses] Is this a loopback interface? false
2026-08-10T11:28:21.066+0530 [DEBUG] [org.gradle.internal.remote.internal.inet.InetAddresses] Adding remote address /fe80:0:0:0:55a4:f18b:4fdd:7264%utun2
2026-08-10T11:28:21.066+0530 [DEBUG] [org.gradle.internal.remote.internal.inet.InetAddresses] Adding IP addresses for network interface utun1
2026-08-10T11:28:21.067+0530 [DEBUG] [org.gradle.internal.remote.internal.inet.InetAddresses] Is this a loopback interface? false
2026-08-10T11:28:21.067+0530 [DEBUG] [org.gradle.internal.remote.internal.inet.InetAddresses] Adding remote address /fe80:0:0:0:9f57:d7e5:b017:fed9%utun1
2026-08-10T11:28:21.067+0530 [DEBUG] [org.gradle.internal.remote.internal.inet.InetAddresses] Adding IP addresses for network interface llw0
2026-08-10T11:28:21.067+0530 [DEBUG] [org.gradle.internal.remote.internal.inet.InetAddresses] Is this a loopback interface? false
2026-08-10T11:28:21.067+0530 [DEBUG] [org.gradle.internal.remote.internal.inet.InetAddresses] Adding remote address /fe80:0:0:0:582d:c3ff:fe34:8df9%llw0
2026-08-10T11:28:21.067+0530 [DEBUG] [org.gradle.internal.remote.internal.inet.InetAddresses] Adding IP addresses for network interface utun0
2026-08-10T11:28:21.067+0530 [DEBUG] [org.gradle.internal.remote.internal.inet.InetAddresses] Is this a loopback interface? false
2026-08-10T11:28:21.067+0530 [DEBUG] [org.gradle.internal.remote.internal.inet.InetAddresses] Adding remote address /fe80:0:0:0:de9a:4b22:8d9d:666b%utun0
2026-08-10T11:28:21.068+0530 [DEBUG] [org.gradle.internal.remote.internal.inet.InetAddresses] Adding IP addresses for network interface awdl0
2026-08-10T11:28:21.068+0530 [DEBUG] [org.gradle.internal.remote.internal.inet.InetAddresses] Is this a loopback interface? false
2026-08-10T11:28:21.068+0530 [DEBUG] [org.gradle.internal.remote.internal.inet.InetAddresses] Adding remote address /fe80:0:0:0:582d:c3ff:fe34:8df9%awdl0
2026-08-10T11:28:21.068+0530 [DEBUG] [org.gradle.internal.remote.internal.inet.InetAddresses] Adding IP addresses for network interface en0
2026-08-10T11:28:21.068+0530 [DEBUG] [org.gradle.internal.remote.internal.inet.InetAddresses] Is this a loopback interface? false
2026-08-10T11:28:21.068+0530 [DEBUG] [org.gradle.internal.remote.internal.inet.InetAddresses] Adding remote address /fe80:0:0:0:18e7:de87:90da:5d0b%en0
2026-08-10T11:28:21.068+0530 [DEBUG] [org.gradle.internal.remote.internal.inet.InetAddresses] Adding remote address /192.168.1.12
2026-08-10T11:28:21.068+0530 [DEBUG] [org.gradle.internal.remote.internal.inet.InetAddresses] Adding IP addresses for network interface lo0
2026-08-10T11:28:21.069+0530 [DEBUG] [org.gradle.internal.remote.internal.inet.InetAddresses] Is this a loopback interface? true
2026-08-10T11:28:21.069+0530 [DEBUG] [org.gradle.internal.remote.internal.inet.InetAddresses] Ignoring remote address on loopback interface /fe80:0:0:0:0:0:0:1%lo0
2026-08-10T11:28:21.069+0530 [DEBUG] [org.gradle.internal.remote.internal.inet.InetAddresses] Adding loopback address /0:0:0:0:0:0:0:1%lo0
2026-08-10T11:28:21.069+0530 [DEBUG] [org.gradle.internal.remote.internal.inet.InetAddresses] Adding loopback address /127.0.0.1
2026-08-10T11:28:21.096+0530 [INFO] [org.gradle.launcher.daemon.server.Daemon] start() called on daemon - DefaultDaemonContext[uid=51064b2c-3e54-4aa8-8a8d-f63b6257d5b0,javaHome=/opt/homebrew/Cellar/openjdk@17/17.0.15/libexec/openjdk.jdk/Contents/Home,javaVersion=17,javaVendor=Homebrew,daemonRegistryDir=/Users/eesaramegasooriya/Documents/Projects/My Projects/drive/drive/.gradle-user/daemon,pid=38335,idleTimeout=10800000,priority=NORMAL,applyInstrumentationAgent=true,nativeServicesMode=ENABLED,daemonOpts=-XX:MaxMetaspaceSize=384m,-XX:+HeapDumpOnOutOfMemoryError,-Xms256m,-Xmx512m,-Dfile.encoding=UTF-8,-Duser.country=LK,-Duser.language=en,-Duser.variant]
2026-08-10T11:28:21.099+0530 [DEBUG] [org.gradle.internal.remote.internal.inet.TcpIncomingConnector] Listening on [03148e70-47a5-4a4e-b856-f1b6d6acb9c8 port:50587, addresses:[localhost/127.0.0.1]].
2026-08-10T11:28:21.104+0530 [DEBUG] [org.gradle.launcher.daemon.server.Daemon] Daemon starting at: Mon Aug 10 11:28:21 IST 2026, with address: [03148e70-47a5-4a4e-b856-f1b6d6acb9c8 port:50587, addresses:[localhost/127.0.0.1]]
2026-08-10T11:28:21.104+0530 [INFO] [org.gradle.launcher.daemon.server.DaemonRegistryUpdater] Advertising the daemon address to the clients: [03148e70-47a5-4a4e-b856-f1b6d6acb9c8 port:50587, addresses:[localhost/127.0.0.1]]
2026-08-10T11:28:21.104+0530 [DEBUG] [org.gradle.launcher.daemon.server.DaemonRegistryUpdater] Advertised daemon context: DefaultDaemonContext[uid=51064b2c-3e54-4aa8-8a8d-f63b6257d5b0,javaHome=/opt/homebrew/Cellar/openjdk@17/17.0.15/libexec/openjdk.jdk/Contents/Home,javaVersion=17,javaVendor=Homebrew,daemonRegistryDir=/Users/eesaramegasooriya/Documents/Projects/My Projects/drive/drive/.gradle-user/daemon,pid=38335,idleTimeout=10800000,priority=NORMAL,applyInstrumentationAgent=true,nativeServicesMode=ENABLED,daemonOpts=-XX:MaxMetaspaceSize=384m,-XX:+HeapDumpOnOutOfMemoryError,-Xms256m,-Xmx512m,-Dfile.encoding=UTF-8,-Duser.country=LK,-Duser.language=en,-Duser.variant]
2026-08-10T11:28:21.105+0530 [DEBUG] [org.gradle.launcher.daemon.registry.PersistentDaemonRegistry] Storing daemon address: [03148e70-47a5-4a4e-b856-f1b6d6acb9c8 port:50587, addresses:[localhost/127.0.0.1]], context: DefaultDaemonContext[uid=51064b2c-3e54-4aa8-8a8d-f63b6257d5b0,javaHome=/opt/homebrew/Cellar/openjdk@17/17.0.15/libexec/openjdk.jdk/Contents/Home,javaVersion=17,javaVendor=Homebrew,daemonRegistryDir=/Users/eesaramegasooriya/Documents/Projects/My Projects/drive/drive/.gradle-user/daemon,pid=38335,idleTimeout=10800000,priority=NORMAL,applyInstrumentationAgent=true,nativeServicesMode=ENABLED,daemonOpts=-XX:MaxMetaspaceSize=384m,-XX:+HeapDumpOnOutOfMemoryError,-Xms256m,-Xmx512m,-Dfile.encoding=UTF-8,-Duser.country=LK,-Duser.language=en,-Duser.variant]
2026-08-10T11:28:21.109+0530 [DEBUG] [org.gradle.cache.internal.DefaultFileLockManager] Waiting to acquire exclusive lock on daemon addresses registry.
2026-08-10T11:28:21.110+0530 [DEBUG] [org.gradle.cache.internal.DefaultFileLockManager] Lock acquired on daemon addresses registry.
2026-08-10T11:28:21.113+0530 [DEBUG] [org.gradle.cache.internal.DefaultFileLockManager] Releasing lock on daemon addresses registry.
2026-08-10T11:28:21.113+0530 [LIFECYCLE] [org.gradle.launcher.daemon.server.Daemon] Daemon server started.
2026-08-10T11:28:21.113+0530 [DEBUG] [org.gradle.launcher.daemon.bootstrap.DaemonStartupCommunication] Completed writing the daemon greeting. Closing streams...
2026-08-10T11:28:21.117+0530 [DEBUG] [org.gradle.launcher.daemon.server.Daemon] stopOnExpiration() called on daemon
2026-08-10T11:28:21.118+0530 [DEBUG] [org.gradle.launcher.daemon.server.Daemon] awaitExpiration() called on daemon
2026-08-10T11:28:21.118+0530 [DEBUG] [org.gradle.launcher.daemon.server.DaemonStateCoordinator] daemon is running. Sleeping until state changes.
2026-08-10T11:28:21.120+0530 [DEBUG] [org.gradle.internal.remote.internal.inet.TcpIncomingConnector] Accepted connection from /127.0.0.1:50588 to /127.0.0.1:50587.
2026-08-10T11:28:21.130+0530 [DEBUG] [org.gradle.launcher.daemon.server.SynchronizedDispatchConnection] thread 21: received class org.gradle.launcher.daemon.protocol.Build
2026-08-10T11:28:21.130+0530 [DEBUG] [org.gradle.launcher.daemon.server.DefaultDaemonConnection] thread 21: Received non-IO message from client: Build{id=89bdc50d-e6f4-4dec-bdae-9ae554239d10, currentDir=/Users/eesaramegasooriya/Documents/Projects/My Projects/drive/drive}
2026-08-10T11:28:21.131+0530 [INFO] [org.gradle.launcher.daemon.server.DefaultIncomingConnectionHandler] Received command: Build{id=89bdc50d-e6f4-4dec-bdae-9ae554239d10, currentDir=/Users/eesaramegasooriya/Documents/Projects/My Projects/drive/drive}.
2026-08-10T11:28:21.131+0530 [DEBUG] [org.gradle.launcher.daemon.server.DefaultIncomingConnectionHandler] Starting executing command: Build{id=89bdc50d-e6f4-4dec-bdae-9ae554239d10, currentDir=/Users/eesaramegasooriya/Documents/Projects/My Projects/drive/drive} with connection: socket connection from /127.0.0.1:50587 to /127.0.0.1:50588.
2026-08-10T11:28:21.132+0530 [DEBUG] [org.gradle.launcher.daemon.server.DaemonStateCoordinator] Command execution: started DaemonCommandExecution[command = Build{id=89bdc50d-e6f4-4dec-bdae-9ae554239d10, currentDir=/Users/eesaramegasooriya/Documents/Projects/My Projects/drive/drive}, connection = DefaultDaemonConnection: socket connection from /127.0.0.1:50587 to /127.0.0.1:50588] after 5.833333333333334E-4 minutes of idle
2026-08-10T11:28:21.132+0530 [INFO] [org.gradle.launcher.daemon.server.DaemonRegistryUpdater] Marking the daemon as busy, address: [03148e70-47a5-4a4e-b856-f1b6d6acb9c8 port:50587, addresses:[localhost/127.0.0.1]]
2026-08-10T11:28:21.132+0530 [DEBUG] [org.gradle.launcher.daemon.registry.PersistentDaemonRegistry] Marking busy by address: [03148e70-47a5-4a4e-b856-f1b6d6acb9c8 port:50587, addresses:[localhost/127.0.0.1]]
2026-08-10T11:28:21.133+0530 [DEBUG] [org.gradle.cache.internal.DefaultFileLockManager] Waiting to acquire exclusive lock on daemon addresses registry.
2026-08-10T11:28:21.133+0530 [DEBUG] [org.gradle.cache.internal.DefaultFileLockManager] Lock acquired on daemon addresses registry.
2026-08-10T11:28:21.133+0530 [DEBUG] [org.gradle.cache.internal.DefaultFileLockManager] Releasing lock on daemon addresses registry.
2026-08-10T11:28:21.133+0530 [DEBUG] [org.gradle.launcher.daemon.server.DaemonStateCoordinator] resetting idle timer
2026-08-10T11:28:21.134+0530 [DEBUG] [org.gradle.launcher.daemon.server.DaemonStateCoordinator] daemon is running. Sleeping until state changes.
2026-08-10T11:28:21.134+0530 [INFO] [org.gradle.launcher.daemon.server.exec.StartBuildOrRespondWithBusy] Daemon is about to start building Build{id=89bdc50d-e6f4-4dec-bdae-9ae554239d10, currentDir=/Users/eesaramegasooriya/Documents/Projects/My Projects/drive/drive}. Dispatching build started information...
2026-08-10T11:28:21.134+0530 [DEBUG] [org.gradle.launcher.daemon.server.SynchronizedDispatchConnection] thread 23: dispatching org.gradle.launcher.daemon.protocol.BuildStarted@6b99c7c2
2026-08-10T11:28:21.135+0530 [DEBUG] [org.gradle.launcher.daemon.server.exec.EstablishBuildEnvironment] Configuring env variables: [PATH, GIT_PAGER, MACH_PORT_RENDEZVOUS_PEER_VALDATION, VSCODE_PID, GH_PAGER, FPATH, COLORTERM, LOGNAME, PWD, VSCODE_NLS_CONFIG, INFOPATH, CODEX_INTERNAL_ORIGINATOR_OVERRIDE, SHELL, CODEX_SANDBOX_NETWORK_DISABLED, VSCODE_CRASH_REPORTER_PROCESS_TYPE, PAGER, HOMEBREW_CELLAR, ZSH, VSCODE_CODE_CACHE_PATH, TMPDIR, XPC_FLAGS, LC_ALL, __CF_USER_TEXT_ENCODING, LESS, LC_CTYPE, LS_COLORS, SHLVL, MallocNanoZone, VSCODE_HANDLES_UNCAUGHT_ERRORS, RUST_LOG, TERM, HOMEBREW_PREFIX, LANG, COMMAND_MODE, ELECTRON_RUN_AS_NODE, GRADLE_USER_HOME, CODEX_THREAD_ID, HOMEBREW_REPOSITORY, XPC_SERVICE_NAME, NO_COLOR, CODEX_CI, __CFBundleIdentifier, APPLICATION_INSIGHTS_NO_STATSBEAT, VSCODE_CWD, VSCODE_ESM_ENTRYPOINT, LSCOLORS, USER, DEBUG, SSH_AUTH_SOCK, OSLogRateLimit, HOME, VSCODE_IPC_HOOK]
2026-08-10T11:28:21.136+0530 [DEBUG] [org.gradle.launcher.daemon.server.exec.LogToClient] About to start relaying all logs to the client via the connection.
2026-08-10T11:28:21.136+0530 [INFO] [org.gradle.launcher.daemon.server.exec.LogToClient] The client will now receive all logging from the daemon (pid: 38335). The daemon log file: /Users/eesaramegasooriya/Documents/Projects/My Projects/drive/drive/.gradle-user/daemon/9.5.1/daemon-38335.out.log
2026-08-10T11:28:21.137+0530 [INFO] [org.gradle.launcher.daemon.server.exec.LogAndCheckHealth] Starting build in new daemon [memory: 512 MiB]
2026-08-10T11:28:21.139+0530 [DEBUG] [org.gradle.launcher.daemon.server.exec.ExecuteBuild] The daemon has started executing the build.
2026-08-10T11:28:21.139+0530 [DEBUG] [org.gradle.launcher.daemon.server.exec.ExecuteBuild] Executing build with daemon context: DefaultDaemonContext[uid=51064b2c-3e54-4aa8-8a8d-f63b6257d5b0,javaHome=/opt/homebrew/Cellar/openjdk@17/17.0.15/libexec/openjdk.jdk/Contents/Home,javaVersion=17,javaVendor=Homebrew,daemonRegistryDir=/Users/eesaramegasooriya/Documents/Projects/My Projects/drive/drive/.gradle-user/daemon,pid=38335,idleTimeout=10800000,priority=NORMAL,applyInstrumentationAgent=true,nativeServicesMode=ENABLED,daemonOpts=-XX:MaxMetaspaceSize=384m,-XX:+HeapDumpOnOutOfMemoryError,-Xms256m,-Xmx512m,-Dfile.encoding=UTF-8,-Duser.country=LK,-Duser.language=en,-Duser.variant]

  .   ____          _            __ _ _
 /\\ / ___'_ __ _ _(_)_ __  __ _ \ \ \ \
( ( )\___ | '_ | '_| | '_ \/ _` | \ \ \ \
 \\/  ___)| |_)| | | | | || (_| |  ) ) ) )
  '  |____| .__|_| |_|_| |_\__, | / / / /
 =========|_|==============|___/=/_/_/_/

 :: Spring Boot ::                (v4.1.0)

2026-08-10T11:29:01.048+05:30  INFO 38576 --- [drive] [  restartedMain] com.eesara.drive.DriveApplication        : Starting DriveApplication using Java 21.0.11 with PID 38576 (/Users/eesaramegasooriya/Documents/Projects/My Projects/drive/drive/build/classes/java/main started by eesaramegasooriya in /Users/eesaramegasooriya/Documents/Projects/My Projects/drive/drive)
2026-08-10T11:29:01.049+05:30  INFO 38576 --- [drive] [  restartedMain] com.eesara.drive.DriveApplication        : No active profile set, falling back to 1 default profile: "default"
2026-08-10T11:29:01.050+05:30 DEBUG 38576 --- [drive] [  restartedMain] o.s.boot.SpringApplication               : Loading source class com.eesara.drive.DriveApplication
2026-08-10T11:29:01.066+05:30 DEBUG 38576 --- [drive] [  restartedMain] o.s.b.devtools.restart.ChangeableUrls    : Matching URLs for reloading : [file:/Users/eesaramegasooriya/Documents/Projects/My%20Projects/drive/drive/build/classes/java/main/, file:/Users/eesaramegasooriya/Documents/Projects/My%20Projects/drive/drive/build/resources/main/]
2026-08-10T11:29:01.066+05:30 DEBUG 38576 --- [drive] [  restartedMain] o.s.b.d.settings.DevToolsSettings        : Included patterns for restart : []
2026-08-10T11:29:01.066+05:30 DEBUG 38576 --- [drive] [  restartedMain] o.s.b.d.settings.DevToolsSettings        : Excluded patterns for restart : [/spring-boot-starter-[\w-]+/, /spring-boot/(bin|build|out)/, /spring-boot-starter/(bin|build|out)/, /spring-boot-devtools/(bin|build|out)/, /spring-boot-actuator/(bin|build|out)/, /spring-boot-autoconfigure/(bin|build|out)/]
2026-08-10T11:29:01.066+05:30  INFO 38576 --- [drive] [  restartedMain] .e.DevToolsPropertyDefaultsPostProcessor : Devtools property defaults active! Set 'spring.devtools.add-properties' to 'false' to disable
2026-08-10T11:29:01.066+05:30  INFO 38576 --- [drive] [  restartedMain] .e.DevToolsPropertyDefaultsPostProcessor : For additional web related logging consider setting the 'logging.level.web' property to 'DEBUG'
2026-08-10T11:29:01.071+05:30 DEBUG 38576 --- [drive] [  restartedMain] ConfigServletWebServerApplicationContext : Refreshing org.springframework.boot.web.server.servlet.context.AnnotationConfigServletWebServerApplicationContext@3d720e10
2026-08-10T11:29:01.306+05:30  INFO 38576 --- [drive] [  restartedMain] .s.d.r.c.RepositoryConfigurationDelegate : Bootstrapping Spring Data JPA repositories in DEFAULT mode.
2026-08-10T11:29:01.313+05:30 DEBUG 38576 --- [drive] [  restartedMain] o.s.b.a.AutoConfigurationPackages        : @EnableAutoConfiguration was declared on a class in the package 'com.eesara.drive'. Automatic @Repository and @Entity scanning is enabled.
2026-08-10T11:29:01.367+05:30  INFO 38576 --- [drive] [  restartedMain] .s.d.r.c.RepositoryConfigurationDelegate : Finished Spring Data repository scanning in 57 ms. Found 4 JPA repository interfaces.
2026-08-10T11:29:01.549+05:30 DEBUG 38576 --- [drive] [  restartedMain] o.s.b.t.s.TomcatServletWebServerFactory  : Code archive: /Users/eesaramegasooriya/Documents/Projects/My Projects/drive/drive/.gradle-user/caches/modules-2/files-2.1/org.springframework.boot/spring-boot-web-server/4.1.0/e67513b382c2cef7b8bc364e8e85cd7f0940e331/spring-boot-web-server-4.1.0.jar
2026-08-10T11:29:01.550+05:30 DEBUG 38576 --- [drive] [  restartedMain] o.s.b.t.s.TomcatServletWebServerFactory  : Code archive: /Users/eesaramegasooriya/Documents/Projects/My Projects/drive/drive/.gradle-user/caches/modules-2/files-2.1/org.springframework.boot/spring-boot-web-server/4.1.0/e67513b382c2cef7b8bc364e8e85cd7f0940e331/spring-boot-web-server-4.1.0.jar
2026-08-10T11:29:01.550+05:30 DEBUG 38576 --- [drive] [  restartedMain] o.s.b.t.s.TomcatServletWebServerFactory  : None of the document roots [src/main/webapp, public, static] point to a directory and will be ignored.
2026-08-10T11:29:01.567+05:30  INFO 38576 --- [drive] [  restartedMain] o.s.boot.tomcat.TomcatWebServer          : Tomcat initialized with port 8086 (http)
2026-08-10T11:29:01.579+05:30  INFO 38576 --- [drive] [  restartedMain] o.apache.catalina.core.StandardService   : Starting service [Tomcat]
2026-08-10T11:29:01.579+05:30  INFO 38576 --- [drive] [  restartedMain] o.apache.catalina.core.StandardEngine    : Starting Servlet engine: [Apache Tomcat/11.0.22]
2026-08-10T11:29:01.592+05:30 DEBUG 38576 --- [drive] [  restartedMain] b.w.c.s.WebApplicationContextInitializer : Published root WebApplicationContext as ServletContext attribute with name [org.springframework.web.context.WebApplicationContext.ROOT]
2026-08-10T11:29:01.592+05:30  INFO 38576 --- [drive] [  restartedMain] b.w.c.s.WebApplicationContextInitializer : Root WebApplicationContext: initialization completed in 521 ms
2026-08-10T11:29:01.649+05:30  INFO 38576 --- [drive] [  restartedMain] org.hibernate.orm.jpa                    : HHH008540: Processing PersistenceUnitInfo [name: default]
2026-08-10T11:29:01.669+05:30  INFO 38576 --- [drive] [  restartedMain] org.hibernate.orm.core                   : HHH000001: Hibernate ORM core version 7.4.1.Final
2026-08-10T11:29:01.829+05:30  INFO 38576 --- [drive] [  restartedMain] o.s.o.j.p.SpringPersistenceUnitInfo      : No LoadTimeWeaver setup: ignoring JPA class transformer
2026-08-10T11:29:01.841+05:30  INFO 38576 --- [drive] [  restartedMain] com.zaxxer.hikari.HikariDataSource       : HikariPool-1 - Starting...
2026-08-10T11:29:01.904+05:30  INFO 38576 --- [drive] [  restartedMain] com.zaxxer.hikari.pool.HikariPool        : HikariPool-1 - Added connection com.mysql.cj.jdbc.ConnectionImpl@78ba20d
2026-08-10T11:29:01.905+05:30  INFO 38576 --- [drive] [  restartedMain] com.zaxxer.hikari.HikariDataSource       : HikariPool-1 - Start completed.
2026-08-10T11:29:01.940+05:30  INFO 38576 --- [drive] [  restartedMain] org.hibernate.orm.connections.pooling    : HHH10001005: Database info:
	Database JDBC URL [jdbc:mysql://localhost:3306/drive?useSSL=false&serverTimezone=UTC]
	Database driver: MySQL Connector/J
	Database dialect: MySQLDialect
	Database version: 8.0.46
	Default catalog/schema: drive/undefined
	Autocommit mode: undefined/unknown
	Isolation level: REPEATABLE_READ [default REPEATABLE_READ]
	JDBC fetch size: none
	Pool: DataSourceConnectionProvider
	Minimum pool size: undefined/unknown
	Maximum pool size: undefined/unknown
2026-08-10T11:29:02.419+05:30  INFO 38576 --- [drive] [  restartedMain] org.hibernate.orm.core                   : HHH000489: No JTA platform available (set 'hibernate.transaction.jta.platform' to enable JTA platform integration)
2026-08-10T11:29:02.462+05:30  INFO 38576 --- [drive] [  restartedMain] j.LocalContainerEntityManagerFactoryBean : Initialized JPA EntityManagerFactory for persistence unit 'default'
2026-08-10T11:29:02.487+05:30  INFO 38576 --- [drive] [  restartedMain] o.s.d.j.r.query.QueryEnhancerFactories   : Hibernate is in classpath; If applicable, HQL parser will be used.
2026-08-10T11:29:02.551+05:30 DEBUG 38576 --- [drive] [  restartedMain] o.s.b.w.s.ServletContextInitializerBeans : Mapping filters: springSecurityFilterChain urls=[/*] order=-100, characterEncodingFilter urls=[/*] order=-2147483648, formContentFilter urls=[/*] order=-9900, requestContextFilter urls=[/*] order=-105, jwtAuthenticationFilter urls=[/*] order=2147483647
2026-08-10T11:29:02.551+05:30 DEBUG 38576 --- [drive] [  restartedMain] o.s.b.w.s.ServletContextInitializerBeans : Mapping servlets: dispatcherServlet urls=[/]
2026-08-10T11:29:02.561+05:30 DEBUG 38576 --- [drive] [  restartedMain] o.s.b.s.f.OrderedRequestContextFilter    : Filter 'requestContextFilter' configured for use
2026-08-10T11:29:02.562+05:30 DEBUG 38576 --- [drive] [  restartedMain] o.s.b.s.f.OrderedCharacterEncodingFilter : Filter 'characterEncodingFilter' configured for use
2026-08-10T11:29:02.562+05:30 DEBUG 38576 --- [drive] [  restartedMain] .DelegatingFilterProxyRegistrationBean$1 : Filter 'springSecurityFilterChain' configured for use
2026-08-10T11:29:02.562+05:30 DEBUG 38576 --- [drive] [  restartedMain] o.s.b.s.filter.OrderedFormContentFilter  : Filter 'formContentFilter' configured for use
2026-08-10T11:29:02.610+05:30  INFO 38576 --- [drive] [  restartedMain] eAuthenticationProviderManagerConfigurer : Global AuthenticationManager configured with AuthenticationProvider bean with name authenticationProvider
2026-08-10T11:29:02.610+05:30  WARN 38576 --- [drive] [  restartedMain] r$InitializeUserDetailsManagerConfigurer : Global AuthenticationManager configured with an AuthenticationProvider bean. UserDetailsService beans will not be used by Spring Security for automatically configuring username/password login. Consider removing the AuthenticationProvider bean. Alternatively, consider using the UserDetailsService in a manually instantiated DaoAuthenticationProvider. If the current configuration is intentional, to turn off this warning, increase the logging level of 'org.springframework.security.config.annotation.authentication.configuration.InitializeUserDetailsBeanManagerConfigurer' to ERROR
2026-08-10T11:29:02.628+05:30  WARN 38576 --- [drive] [  restartedMain] JpaBaseConfiguration$JpaWebConfiguration : spring.jpa.open-in-view is enabled by default. Therefore, database queries may be performed during view rendering. Explicitly configure spring.jpa.open-in-view to disable this warning
2026-08-10T11:29:02.699+05:30 DEBUG 38576 --- [drive] [  restartedMain] o.s.s.web.DefaultSecurityFilterChain     : Will secure any request with filters: DisableEncodeUrlFilter, WebAsyncManagerIntegrationFilter, SecurityContextHolderFilter, HeaderWriterFilter, CorsFilter, LogoutFilter, JwtAuthenticationFilter, RequestCacheAwareFilter, SecurityContextHolderAwareRequestFilter, AnonymousAuthenticationFilter, SessionManagementFilter, ExceptionTranslationFilter, AuthorizationFilter
2026-08-10T11:29:02.738+05:30 DEBUG 38576 --- [drive] [  restartedMain] s.w.s.m.m.a.RequestMappingHandlerMapping : 32 mappings in 'requestMappingHandlerMapping'
2026-08-10T11:29:02.748+05:30 DEBUG 38576 --- [drive] [  restartedMain] o.s.w.s.handler.SimpleUrlHandlerMapping  : Patterns [/webjars/**, /**] in 'resourceHandlerMapping'
2026-08-10T11:29:02.757+05:30 DEBUG 38576 --- [drive] [  restartedMain] s.w.s.m.m.a.RequestMappingHandlerAdapter : ControllerAdvice beans: 0 @ModelAttribute, 0 @InitBinder, 2 RequestBodyAdvice, 1 ResponseBodyAdvice
2026-08-10T11:29:02.777+05:30 DEBUG 38576 --- [drive] [  restartedMain] .m.m.a.ExceptionHandlerExceptionResolver : ControllerAdvice beans: 0 @ExceptionHandler, 1 ResponseBodyAdvice
2026-08-10T11:29:02.823+05:30  WARN 38576 --- [drive] [  restartedMain] ConfigServletWebServerApplicationContext : Exception encountered during context initialization - cancelling refresh attempt: org.springframework.context.ApplicationContextException: Failed to start bean 'webServerStartStop'
2026-08-10T11:29:02.824+05:30  INFO 38576 --- [drive] [  restartedMain] j.LocalContainerEntityManagerFactoryBean : Closing JPA EntityManagerFactory for persistence unit 'default'
2026-08-10T11:29:02.825+05:30  INFO 38576 --- [drive] [  restartedMain] com.zaxxer.hikari.HikariDataSource       : HikariPool-1 - Shutdown initiated...
2026-08-10T11:29:02.827+05:30  INFO 38576 --- [drive] [  restartedMain] com.zaxxer.hikari.HikariDataSource       : HikariPool-1 - Shutdown completed.
2026-08-10T11:29:02.831+05:30 DEBUG 38576 --- [drive] [  restartedMain] o.s.boot.devtools.restart.Restarter      : Creating new Restarter for thread Thread[#1,main,5,main]
2026-08-10T11:29:02.831+05:30 DEBUG 38576 --- [drive] [  restartedMain] o.s.boot.devtools.restart.Restarter      : Immediately restarting application
2026-08-10T11:29:02.831+05:30 DEBUG 38576 --- [drive] [  restartedMain] o.s.boot.devtools.restart.Restarter      : Starting application com.eesara.drive.DriveApplication with URLs [file:/Users/eesaramegasooriya/Documents/Projects/My%20Projects/drive/drive/build/classes/java/main/, file:/Users/eesaramegasooriya/Documents/Projects/My%20Projects/drive/drive/build/resources/main/]
2026-08-10T11:29:02.834+05:30 DEBUG 38576 --- [drive] [  restartedMain] .s.b.a.l.ConditionEvaluationReportLogger : 


============================
CONDITIONS EVALUATION REPORT
============================


Positive matches:
-----------------

   AopAutoConfiguration matched:
      - @ConditionalOnBooleanProperty (spring.aop.auto=true) matched (OnPropertyCondition)

   AopAutoConfiguration.AspectJAutoProxyingConfiguration matched:
      - @ConditionalOnClass found required class 'org.aspectj.weaver.Advice' (OnClassCondition)

   AopAutoConfiguration.AspectJAutoProxyingConfiguration.CglibAutoProxyConfiguration matched:
      - @ConditionalOnBooleanProperty (spring.aop.proxy-target-class=true) matched (OnPropertyCondition)

   ApplicationAvailabilityAutoConfiguration#applicationAvailability matched:
      - @ConditionalOnMissingBean (types: org.springframework.boot.availability.ApplicationAvailability; SearchStrategy: all) did not find any beans (OnBeanCondition)

   DataJpaRepositoriesAutoConfiguration matched:
      - @ConditionalOnClass found required class 'org.springframework.data.jpa.repository.JpaRepository' (OnClassCondition)
      - @ConditionalOnBooleanProperty (spring.data.jpa.repositories.enabled=true) matched (OnPropertyCondition)
      - @ConditionalOnBean (types: javax.sql.DataSource; SearchStrategy: all) found bean 'dataSource'; @ConditionalOnMissingBean (types: org.springframework.data.jpa.repository.support.JpaRepositoryFactoryBean,org.springframework.data.jpa.repository.config.JpaRepositoryConfigExtension; SearchStrategy: all) did not find any beans (OnBeanCondition)

   DataSourceAutoConfiguration matched:
      - @ConditionalOnClass found required classes 'javax.sql.DataSource', 'org.springframework.jdbc.datasource.embedded.EmbeddedDatabaseType' (OnClassCondition)
      - @ConditionalOnMissingBean (types: io.r2dbc.spi.ConnectionFactory; SearchStrategy: all) did not find any beans (OnBeanCondition)

   DataSourceAutoConfiguration.PooledDataSourceConfiguration matched:
      - AnyNestedCondition 1 matched 1 did not; NestedCondition on DataSourceAutoConfiguration.PooledDataSourceCondition.PooledDataSourceAvailable PooledDataSource found supported DataSource; NestedCondition on DataSourceAutoConfiguration.PooledDataSourceCondition.ExplicitType @ConditionalOnProperty (spring.datasource.type) did not find property 'spring.datasource.type' (DataSourceAutoConfiguration.PooledDataSourceCondition)
      - @ConditionalOnMissingBean (types: javax.sql.DataSource,javax.sql.XADataSource; SearchStrategy: all) did not find any beans (OnBeanCondition)

   DataSourceAutoConfiguration.PooledDataSourceConfiguration#jdbcConnectionDetails matched:
      - @ConditionalOnMissingBean (types: org.springframework.boot.jdbc.autoconfigure.JdbcConnectionDetails; SearchStrategy: all) did not find any beans (OnBeanCondition)

   DataSourceConfiguration.Hikari matched:
      - @ConditionalOnClass found required class 'com.zaxxer.hikari.HikariDataSource' (OnClassCondition)
      - @ConditionalOnProperty (spring.datasource.type=com.zaxxer.hikari.HikariDataSource) matched (OnPropertyCondition)
      - @ConditionalOnMissingBean (types: javax.sql.DataSource; SearchStrategy: all) did not find any beans (OnBeanCondition)

   DataSourceInitializationAutoConfiguration matched:
      - @ConditionalOnClass found required class 'org.springframework.jdbc.datasource.init.DatabasePopulator' (OnClassCondition)
      - SQL InitializationDatabase Initialization default value is EMBEDDED (OnSqlInitializationCondition)
      - @ConditionalOnSingleCandidate (types: javax.sql.DataSource; SearchStrategy: all) found a single bean 'dataSource'; @ConditionalOnMissingBean (types: org.springframework.boot.sql.autoconfigure.init.ApplicationScriptDatabaseInitializer; SearchStrategy: all) did not find any beans (OnBeanCondition)

   DataSourcePoolMetadataProvidersConfiguration.HikariPoolDataSourceMetadataProviderConfiguration matched:
      - @ConditionalOnClass found required class 'com.zaxxer.hikari.HikariDataSource' (OnClassCondition)

   DataSourceTransactionManagerAutoConfiguration matched:
      - @ConditionalOnClass found required classes 'javax.sql.DataSource', 'org.springframework.jdbc.core.JdbcTemplate', 'org.springframework.transaction.TransactionManager' (OnClassCondition)

   DataSourceTransactionManagerAutoConfiguration.JdbcTransactionManagerConfiguration matched:
      - @ConditionalOnSingleCandidate (types: javax.sql.DataSource; SearchStrategy: all) found a single bean 'dataSource' (OnBeanCondition)

   DataWebAutoConfiguration matched:
      - @ConditionalOnClass found required classes 'org.springframework.data.web.PageableHandlerMethodArgumentResolver', 'org.springframework.web.servlet.config.annotation.WebMvcConfigurer' (OnClassCondition)
      - found 'session' scope (OnWebApplicationCondition)
      - @ConditionalOnMissingBean (types: org.springframework.data.web.PageableHandlerMethodArgumentResolver; SearchStrategy: all) did not find any beans (OnBeanCondition)

   DataWebAutoConfiguration#pageableCustomizer matched:
      - @ConditionalOnMissingBean (types: org.springframework.data.web.config.PageableHandlerMethodArgumentResolverCustomizer; SearchStrategy: all) did not find any beans (OnBeanCondition)

   DataWebAutoConfiguration#sortCustomizer matched:
      - @ConditionalOnMissingBean (types: org.springframework.data.web.config.SortHandlerMethodArgumentResolverCustomizer; SearchStrategy: all) did not find any beans (OnBeanCondition)

   DataWebAutoConfiguration#springDataWebSettings matched:
      - @ConditionalOnMissingBean (types: org.springframework.data.web.config.SpringDataWebSettings; SearchStrategy: all) did not find any beans (OnBeanCondition)

   DevToolsDataSourceAutoConfiguration matched:
      - @ConditionalOnClass found required class 'javax.sql.DataSource' (OnClassCondition)
      - Devtools devtools enabled. (OnEnabledDevToolsCondition)
      - DevTools DataSource Condition found auto-configured DataSource (DevToolsDataSourceAutoConfiguration.DevToolsDataSourceCondition)

   DevToolsDataSourceAutoConfiguration.DatabaseShutdownExecutorEntityManagerFactoryDependsOnConfiguration matched:
      - @ConditionalOnClass found required classes 'org.springframework.boot.jpa.autoconfigure.EntityManagerFactoryDependsOnPostProcessor', 'org.springframework.orm.jpa.LocalContainerEntityManagerFactoryBean' (OnClassCondition)
      - @ConditionalOnBean (types: org.springframework.orm.jpa.AbstractEntityManagerFactoryBean; SearchStrategy: all) found bean '&entityManagerFactory' (OnBeanCondition)

   DispatcherServletAutoConfiguration matched:
      - @ConditionalOnClass found required class 'org.springframework.web.servlet.DispatcherServlet' (OnClassCondition)
      - found 'session' scope (OnWebApplicationCondition)

   DispatcherServletAutoConfiguration.DispatcherServletConfiguration matched:
      - @ConditionalOnClass found required class 'jakarta.servlet.ServletRegistration' (OnClassCondition)
      - Default DispatcherServlet did not find dispatcher servlet beans (DispatcherServletAutoConfiguration.DefaultDispatcherServletCondition)

   DispatcherServletAutoConfiguration.DispatcherServletRegistrationConfiguration matched:
      - @ConditionalOnClass found required class 'jakarta.servlet.ServletRegistration' (OnClassCondition)
      - DispatcherServlet Registration did not find servlet registration bean (DispatcherServletAutoConfiguration.DispatcherServletRegistrationCondition)

   DispatcherServletAutoConfiguration.DispatcherServletRegistrationConfiguration#dispatcherServletRegistration matched:
      - @ConditionalOnBean (names: dispatcherServlet types: org.springframework.web.servlet.DispatcherServlet; SearchStrategy: all) found bean 'dispatcherServlet' (OnBeanCondition)

   ErrorMvcAutoConfiguration matched:
      - @ConditionalOnClass found required classes 'jakarta.servlet.Servlet', 'org.springframework.web.servlet.DispatcherServlet' (OnClassCondition)
      - found 'session' scope (OnWebApplicationCondition)

   ErrorMvcAutoConfiguration#basicErrorController matched:
      - @ConditionalOnMissingBean (types: org.springframework.boot.webmvc.error.ErrorController; SearchStrategy: current) did not find any beans (OnBeanCondition)

   ErrorMvcAutoConfiguration#errorAttributes matched:
      - @ConditionalOnMissingBean (types: org.springframework.boot.webmvc.error.ErrorAttributes; SearchStrategy: current) did not find any beans (OnBeanCondition)

   ErrorMvcAutoConfiguration.DefaultErrorViewResolverConfiguration#conventionErrorViewResolver matched:
      - @ConditionalOnBean (types: org.springframework.web.servlet.DispatcherServlet; SearchStrategy: all) found bean 'dispatcherServlet'; @ConditionalOnMissingBean (types: org.springframework.boot.webmvc.autoconfigure.error.ErrorViewResolver; SearchStrategy: all) did not find any beans (OnBeanCondition)

   ErrorMvcAutoConfiguration.WhitelabelErrorViewConfiguration matched:
      - @ConditionalOnBooleanProperty (spring.web.error.whitelabel.enabled=true) matched (OnPropertyCondition)
      - ErrorTemplate Missing did not find error template view (ErrorMvcAutoConfiguration.ErrorTemplateMissingCondition)

   ErrorMvcAutoConfiguration.WhitelabelErrorViewConfiguration#beanNameViewResolver matched:
      - @ConditionalOnMissingBean (types: org.springframework.web.servlet.view.BeanNameViewResolver; SearchStrategy: all) did not find any beans (OnBeanCondition)

   ErrorMvcAutoConfiguration.WhitelabelErrorViewConfiguration#defaultErrorView matched:
      - @ConditionalOnMissingBean (names: error; SearchStrategy: all) did not find any beans (OnBeanCondition)

   HibernateJpaAutoConfiguration matched:
      - @ConditionalOnClass found required classes 'org.springframework.orm.jpa.LocalContainerEntityManagerFactoryBean', 'jakarta.persistence.EntityManager', 'org.hibernate.engine.spi.SessionImplementor' (OnClassCondition)

   HibernateJpaConfiguration matched:
      - @ConditionalOnSingleCandidate (types: javax.sql.DataSource; SearchStrategy: all) found a single bean 'dataSource' (OnBeanCondition)

   HttpEncodingAutoConfiguration matched:
      - @ConditionalOnClass found required class 'org.springframework.web.filter.CharacterEncodingFilter' (OnClassCondition)
      - found 'session' scope (OnWebApplicationCondition)
      - @ConditionalOnBooleanProperty (spring.servlet.encoding.enabled=true) matched (OnPropertyCondition)

   HttpEncodingAutoConfiguration#characterEncodingFilter matched:
      - @ConditionalOnMissingBean (types: org.springframework.web.filter.CharacterEncodingFilter; SearchStrategy: all) did not find any beans (OnBeanCondition)

   HttpMessageConvertersAutoConfiguration matched:
      - @ConditionalOnClass found required class 'org.springframework.http.converter.HttpMessageConverter' (OnClassCondition)
      - NoneNestedConditions 0 matched 1 did not; NestedCondition on HttpMessageConvertersAutoConfiguration.NotReactiveWebApplicationCondition.ReactiveWebApplication did not find reactive web application classes (HttpMessageConvertersAutoConfiguration.NotReactiveWebApplicationCondition)

   HttpMessageConvertersAutoConfiguration.StringHttpMessageConverterConfiguration#stringHttpMessageConvertersCustomizer matched:
      - @ConditionalOnMissingBean (types: org.springframework.http.converter.StringHttpMessageConverter; SearchStrategy: all) did not find any beans (OnBeanCondition)

   JacksonAutoConfiguration matched:
      - @ConditionalOnClass found required class 'tools.jackson.databind.json.JsonMapper' (OnClassCondition)

   JacksonAutoConfiguration#jacksonJsonMapper matched:
      - @ConditionalOnMissingBean (types: tools.jackson.databind.json.JsonMapper; SearchStrategy: all) did not find any beans (OnBeanCondition)

   JacksonAutoConfiguration#jsonFactory matched:
      - @ConditionalOnMissingBean (types: tools.jackson.core.json.JsonFactory; SearchStrategy: all) did not find any beans (OnBeanCondition)

   JacksonAutoConfiguration#jsonMapperBuilder matched:
      - @ConditionalOnMissingBean (types: tools.jackson.databind.json.JsonMapper$Builder; SearchStrategy: all) did not find any beans (OnBeanCondition)

   JacksonAutoConfiguration.JsonProblemDetailsConfiguration matched:
      - @ConditionalOnClass found required class 'org.springframework.http.ProblemDetail' (OnClassCondition)

   JacksonHttpMessageConvertersConfiguration.JacksonJsonHttpMessageConverterConfiguration matched:
      - @ConditionalOnClass found required class 'tools.jackson.databind.json.JsonMapper' (OnClassCondition)
      - @ConditionalOnProperty (spring.http.converters.preferred-json-mapper=jackson) matched (OnPropertyCondition)
      - @ConditionalOnBean (types: tools.jackson.databind.json.JsonMapper; SearchStrategy: all) found bean 'jacksonJsonMapper' (OnBeanCondition)

   JacksonHttpMessageConvertersConfiguration.JacksonJsonHttpMessageConverterConfiguration#jacksonJsonHttpMessageConvertersCustomizer matched:
      - @ConditionalOnMissingBean (types: org.springframework.http.converter.json.JacksonJsonHttpMessageConverter ignored: org.springframework.hateoas.server.mvc.TypeConstrainedJacksonJsonHttpMessageConverter,org.springframework.data.rest.webmvc.alps.AlpsJacksonJsonHttpMessageConverter; SearchStrategy: all) did not find any beans (OnBeanCondition)

   JdbcClientAutoConfiguration matched:
      - @ConditionalOnSingleCandidate (types: org.springframework.jdbc.core.namedparam.NamedParameterJdbcTemplate; SearchStrategy: all) found a single bean 'namedParameterJdbcTemplate'; @ConditionalOnMissingBean (types: org.springframework.jdbc.core.simple.JdbcClient; SearchStrategy: all) did not find any beans (OnBeanCondition)

   JdbcTemplateAutoConfiguration matched:
      - @ConditionalOnClass found required classes 'javax.sql.DataSource', 'org.springframework.jdbc.core.JdbcTemplate' (OnClassCondition)
      - @ConditionalOnSingleCandidate (types: javax.sql.DataSource; SearchStrategy: all) found a single bean 'dataSource' (OnBeanCondition)

   JdbcTemplateConfiguration matched:
      - @ConditionalOnMissingBean (types: org.springframework.jdbc.core.JdbcOperations; SearchStrategy: all) did not find any beans (OnBeanCondition)

   JpaBaseConfiguration#entityManagerFactory matched:
      - @ConditionalOnMissingBean (types: org.springframework.orm.jpa.LocalContainerEntityManagerFactoryBean,jakarta.persistence.EntityManagerFactory; SearchStrategy: all) did not find any beans (OnBeanCondition)

   JpaBaseConfiguration#entityManagerFactoryBuilder matched:
      - @ConditionalOnMissingBean (types: org.springframework.boot.jpa.EntityManagerFactoryBuilder; SearchStrategy: all) did not find any beans (OnBeanCondition)

   JpaBaseConfiguration#jpaVendorAdapter matched:
      - @ConditionalOnMissingBean (types: org.springframework.orm.jpa.JpaVendorAdapter; SearchStrategy: all) did not find any beans (OnBeanCondition)

   JpaBaseConfiguration#transactionManager matched:
      - @ConditionalOnMissingBean (types: org.springframework.transaction.TransactionManager; SearchStrategy: all) did not find any beans (OnBeanCondition)

   JpaBaseConfiguration.JpaWebConfiguration matched:
      - @ConditionalOnClass found required class 'org.springframework.web.servlet.config.annotation.WebMvcConfigurer' (OnClassCondition)
      - found 'session' scope (OnWebApplicationCondition)
      - @ConditionalOnBooleanProperty (spring.jpa.open-in-view=true) matched (OnPropertyCondition)
      - @ConditionalOnMissingBean (types: org.springframework.orm.jpa.support.OpenEntityManagerInViewInterceptor,org.springframework.orm.jpa.support.OpenEntityManagerInViewFilter; SearchStrategy: all) did not find any beans (OnBeanCondition)

   JpaBaseConfiguration.PersistenceManagedTypesConfiguration matched:
      - @ConditionalOnMissingBean (types: org.springframework.orm.jpa.LocalContainerEntityManagerFactoryBean,jakarta.persistence.EntityManagerFactory; SearchStrategy: all) did not find any beans (OnBeanCondition)

   JpaBaseConfiguration.PersistenceManagedTypesConfiguration#persistenceManagedTypes matched:
      - @ConditionalOnMissingBean (types: org.springframework.orm.jpa.persistenceunit.PersistenceManagedTypes; SearchStrategy: all) did not find any beans (OnBeanCondition)

   JtaAutoConfiguration matched:
      - @ConditionalOnClass found required class 'jakarta.transaction.Transaction' (OnClassCondition)
      - @ConditionalOnBooleanProperty (spring.jta.enabled=true) matched (OnPropertyCondition)

   LifecycleAutoConfiguration#defaultLifecycleProcessor matched:
      - @ConditionalOnMissingBean (names: lifecycleProcessor; SearchStrategy: current) did not find any beans (OnBeanCondition)

   LocalDevToolsAutoConfiguration matched:
      - Initialized Restarter Condition available and initialized (OnInitializedRestarterCondition)

   LocalDevToolsAutoConfiguration.RestartConfiguration matched:
      - @ConditionalOnBooleanProperty (spring.devtools.restart.enabled=true) matched (OnPropertyCondition)

   LocalDevToolsAutoConfiguration.RestartConfiguration#classPathFileSystemWatcher matched:
      - @ConditionalOnMissingBean (types: org.springframework.boot.devtools.classpath.ClassPathFileSystemWatcher; SearchStrategy: all) did not find any beans (OnBeanCondition)

   LocalDevToolsAutoConfiguration.RestartConfiguration#classPathRestartStrategy matched:
      - @ConditionalOnMissingBean (types: org.springframework.boot.devtools.classpath.ClassPathRestartStrategy; SearchStrategy: all) did not find any beans (OnBeanCondition)

   LocalDevToolsAutoConfiguration.RestartConfiguration#conditionEvaluationDeltaLoggingListener matched:
      - @ConditionalOnBooleanProperty (spring.devtools.restart.log-condition-evaluation-delta=true) matched (OnPropertyCondition)

   MultipartAutoConfiguration matched:
      - @ConditionalOnClass found required classes 'jakarta.servlet.Servlet', 'org.springframework.web.multipart.support.StandardServletMultipartResolver', 'jakarta.servlet.MultipartConfigElement' (OnClassCondition)
      - found 'session' scope (OnWebApplicationCondition)
      - @ConditionalOnBooleanProperty (spring.servlet.multipart.enabled=true) matched (OnPropertyCondition)

   MultipartAutoConfiguration#multipartConfigElement matched:
      - @ConditionalOnMissingBean (types: jakarta.servlet.MultipartConfigElement; SearchStrategy: all) did not find any beans (OnBeanCondition)

   MultipartAutoConfiguration#multipartResolver matched:
      - @ConditionalOnMissingBean (types: org.springframework.web.multipart.MultipartResolver; SearchStrategy: all) did not find any beans (OnBeanCondition)

   NamedParameterJdbcTemplateConfiguration matched:
      - @ConditionalOnSingleCandidate (types: org.springframework.jdbc.core.JdbcTemplate; SearchStrategy: all) found a single bean 'jdbcTemplate'; @ConditionalOnMissingBean (types: org.springframework.jdbc.core.namedparam.NamedParameterJdbcOperations; SearchStrategy: all) did not find any beans (OnBeanCondition)

   PersistenceExceptionTranslationAutoConfiguration matched:
      - @ConditionalOnClass found required class 'org.springframework.dao.annotation.PersistenceExceptionTranslationPostProcessor' (OnClassCondition)

   PersistenceExceptionTranslationAutoConfiguration#persistenceExceptionTranslationPostProcessor matched:
      - @ConditionalOnBooleanProperty (spring.persistence.exceptiontranslation.enabled=true) matched (OnPropertyCondition)
      - @ConditionalOnMissingBean (types: org.springframework.dao.annotation.PersistenceExceptionTranslationPostProcessor; SearchStrategy: all) did not find any beans (OnBeanCondition)

   PropertyPlaceholderAutoConfiguration#propertySourcesPlaceholderConfigurer matched:
      - @ConditionalOnMissingBean (types: org.springframework.context.support.PropertySourcesPlaceholderConfigurer; SearchStrategy: current) did not find any beans (OnBeanCondition)

   ReactorAutoConfiguration matched:
      - @ConditionalOnClass found required class 'reactor.core.publisher.Hooks' (OnClassCondition)

   SecurityAutoConfiguration matched:
      - @ConditionalOnClass found required class 'org.springframework.security.authentication.DefaultAuthenticationEventPublisher' (OnClassCondition)

   SecurityAutoConfiguration#authenticationEventPublisher matched:
      - @ConditionalOnMissingBean (types: org.springframework.security.authentication.AuthenticationEventPublisher; SearchStrategy: all) did not find any beans (OnBeanCondition)

   SecurityFilterAutoConfiguration matched:
      - @ConditionalOnClass found required classes 'org.springframework.security.web.context.AbstractSecurityWebApplicationInitializer', 'org.springframework.security.config.http.SessionCreationPolicy' (OnClassCondition)
      - found 'session' scope (OnWebApplicationCondition)

   SecurityFilterAutoConfiguration#securityFilterChainRegistration matched:
      - @ConditionalOnBean (names: springSecurityFilterChain; SearchStrategy: all) found bean 'springSecurityFilterChain' (OnBeanCondition)

   ServletWebSecurityAutoConfiguration matched:
      - @ConditionalOnClass found required class 'org.springframework.security.config.annotation.web.configuration.EnableWebSecurity' (OnClassCondition)
      - found 'session' scope (OnWebApplicationCondition)

   ServletWebSecurityAutoConfiguration.EnableWebSecurityConfiguration matched:
      - @ConditionalOnClass found required class 'org.springframework.security.config.annotation.web.configuration.EnableWebSecurity' (OnClassCondition)
      - @ConditionalOnMissingBean (names: springSecurityFilterChain; SearchStrategy: all) did not find any beans (OnBeanCondition)

   ServletWebSecurityAutoConfiguration.PathPatternRequestMatcherBuilderConfiguration matched:
      - @ConditionalOnClass found required class 'org.springframework.boot.webmvc.autoconfigure.DispatcherServletPath' (OnClassCondition)
      - @ConditionalOnBean (types: org.springframework.boot.webmvc.autoconfigure.DispatcherServletPath; SearchStrategy: all) found bean 'dispatcherServletRegistration' (OnBeanCondition)

   ServletWebSecurityAutoConfiguration.PathPatternRequestMatcherBuilderConfiguration#pathPatternRequestMatcherBuilder matched:
      - @ConditionalOnMissingBean (types: org.springframework.security.web.servlet.util.matcher.PathPatternRequestMatcher$Builder; SearchStrategy: all) did not find any beans (OnBeanCondition)

   SslAutoConfiguration#sslBundleRegistry matched:
      - @ConditionalOnMissingBean (types: org.springframework.boot.ssl.SslBundleRegistry,org.springframework.boot.ssl.SslBundles; SearchStrategy: all) did not find any beans (OnBeanCondition)

   TaskExecutionAutoConfiguration matched:
      - @ConditionalOnClass found required class 'org.springframework.scheduling.concurrent.ThreadPoolTaskExecutor' (OnClassCondition)

   TaskExecutorConfigurations.AsyncConfigurerConfiguration matched:
      - @ConditionalOnMissingBean (types: org.springframework.scheduling.annotation.AsyncConfigurer; SearchStrategy: all) did not find any beans (OnBeanCondition)

   TaskExecutorConfigurations.SimpleAsyncTaskExecutorBuilderConfiguration#simpleAsyncTaskExecutorBuilder matched:
      - @ConditionalOnMissingBean (types: org.springframework.boot.task.SimpleAsyncTaskExecutorBuilder; SearchStrategy: all) did not find any beans (OnBeanCondition)
      - @ConditionalOnThreading found PLATFORM (OnThreadingCondition)

   TaskExecutorConfigurations.TaskExecutorConfiguration matched:
      - AnyNestedCondition 1 matched 1 did not; NestedCondition on TaskExecutorConfigurations.OnExecutorCondition.ModelCondition @ConditionalOnProperty (spring.task.execution.mode=force) did not find property 'spring.task.execution.mode'; NestedCondition on TaskExecutorConfigurations.OnExecutorCondition.ExecutorBeanCondition @ConditionalOnMissingBean (types: java.util.concurrent.Executor; SearchStrategy: all) did not find any beans (TaskExecutorConfigurations.OnExecutorCondition)

   TaskExecutorConfigurations.TaskExecutorConfiguration#applicationTaskExecutor matched:
      - @ConditionalOnThreading found PLATFORM (OnThreadingCondition)

   TaskExecutorConfigurations.TaskExecutorContextPropagationConfiguration matched:
      - @ConditionalOnClass found required class 'io.micrometer.context.ContextSnapshot' (OnClassCondition)

   TaskExecutorConfigurations.ThreadPoolTaskExecutorBuilderConfiguration#threadPoolTaskExecutorBuilder matched:
      - @ConditionalOnMissingBean (types: org.springframework.boot.task.ThreadPoolTaskExecutorBuilder; SearchStrategy: all) did not find any beans (OnBeanCondition)

   TaskSchedulingAutoConfiguration matched:
      - @ConditionalOnClass found required class 'org.springframework.scheduling.concurrent.ThreadPoolTaskScheduler' (OnClassCondition)

   TaskSchedulingConfigurations.SimpleAsyncTaskSchedulerBuilderConfiguration#simpleAsyncTaskSchedulerBuilder matched:
      - @ConditionalOnMissingBean (types: org.springframework.boot.task.SimpleAsyncTaskSchedulerBuilder; SearchStrategy: all) did not find any beans (OnBeanCondition)
      - @ConditionalOnThreading found PLATFORM (OnThreadingCondition)

   TaskSchedulingConfigurations.ThreadPoolTaskSchedulerBuilderConfiguration#threadPoolTaskSchedulerBuilder matched:
      - @ConditionalOnMissingBean (types: org.springframework.boot.task.ThreadPoolTaskSchedulerBuilder; SearchStrategy: all) did not find any beans (OnBeanCondition)

   TomcatServletWebServerAutoConfiguration matched:
      - @ConditionalOnClass found required classes 'jakarta.servlet.ServletRequest', 'org.apache.catalina.startup.Tomcat', 'org.apache.coyote.UpgradeProtocol', 'org.springframework.boot.tomcat.servlet.TomcatServletWebServerFactory' (OnClassCondition)
      - found 'session' scope (OnWebApplicationCondition)

   TomcatServletWebServerAutoConfiguration#tomcatServletWebServerFactory matched:
      - @ConditionalOnMissingBean (types: org.springframework.boot.web.server.servlet.ServletWebServerFactory; SearchStrategy: current) did not find any beans (OnBeanCondition)

   TomcatWebServerConfiguration matched:
      - @ConditionalOnWarDeployment the application is not deployed as a WAR file. (OnWarDeploymentCondition)

   TomcatWebServerConfiguration.TomcatWebSocketConfiguration matched:
      - @ConditionalOnClass found required class 'org.apache.tomcat.websocket.server.WsSci' (OnClassCondition)

   TransactionAutoConfiguration matched:
      - @ConditionalOnClass found required class 'org.springframework.transaction.PlatformTransactionManager' (OnClassCondition)

   TransactionAutoConfiguration.EnableTransactionManagementConfiguration matched:
      - @ConditionalOnBean (types: org.springframework.transaction.TransactionManager; SearchStrategy: all) found bean 'transactionManager'; @ConditionalOnMissingBean (types: org.springframework.transaction.annotation.AbstractTransactionManagementConfiguration; SearchStrategy: all) did not find any beans (OnBeanCondition)

   TransactionAutoConfiguration.EnableTransactionManagementConfiguration.CglibAutoProxyConfiguration matched:
      - @ConditionalOnBooleanProperty (spring.aop.proxy-target-class=true) matched (OnPropertyCondition)

   TransactionAutoConfiguration.TransactionTemplateConfiguration matched:
      - @ConditionalOnSingleCandidate (types: org.springframework.transaction.PlatformTransactionManager; SearchStrategy: all) found a single bean 'transactionManager' (OnBeanCondition)

   TransactionAutoConfiguration.TransactionTemplateConfiguration#transactionTemplate matched:
      - @ConditionalOnMissingBean (types: org.springframework.transaction.support.TransactionOperations; SearchStrategy: all) did not find any beans (OnBeanCondition)

   TransactionManagerCustomizationAutoConfiguration matched:
      - @ConditionalOnClass found required class 'org.springframework.transaction.PlatformTransactionManager' (OnClassCondition)

   TransactionManagerCustomizationAutoConfiguration#platformTransactionManagerCustomizers matched:
      - @ConditionalOnMissingBean (types: org.springframework.boot.transaction.autoconfigure.TransactionManagerCustomizers; SearchStrategy: all) did not find any beans (OnBeanCondition)

   ValidationAutoConfiguration matched:
      - @ConditionalOnClass found required class 'jakarta.validation.executable.ExecutableValidator' (OnClassCondition)
      - @ConditionalOnResource found location classpath:META-INF/services/jakarta.validation.spi.ValidationProvider (OnResourceCondition)

   ValidationAutoConfiguration#defaultValidator matched:
      - @ConditionalOnMissingBean (types: jakarta.validation.Validator; SearchStrategy: all) did not find any beans (OnBeanCondition)

   ValidationAutoConfiguration#methodValidationPostProcessor matched:
      - @ConditionalOnMissingBean (types: org.springframework.validation.beanvalidation.MethodValidationPostProcessor; SearchStrategy: current) did not find any beans (OnBeanCondition)

   WebMvcAutoConfiguration matched:
      - @ConditionalOnClass found required classes 'jakarta.servlet.Servlet', 'org.springframework.web.servlet.DispatcherServlet', 'org.springframework.web.servlet.config.annotation.WebMvcConfigurer' (OnClassCondition)
      - found 'session' scope (OnWebApplicationCondition)
      - @ConditionalOnMissingBean (types: org.springframework.web.servlet.config.annotation.WebMvcConfigurationSupport; SearchStrategy: all) did not find any beans (OnBeanCondition)

   WebMvcAutoConfiguration#formContentFilter matched:
      - @ConditionalOnBooleanProperty (spring.mvc.formcontent.filter.enabled=true) matched (OnPropertyCondition)
      - @ConditionalOnMissingBean (types: org.springframework.web.filter.FormContentFilter; SearchStrategy: all) did not find any beans (OnBeanCondition)

   WebMvcAutoConfiguration.EnableWebMvcConfiguration#flashMapManager matched:
      - @ConditionalOnMissingBean (names: flashMapManager; SearchStrategy: all) did not find any beans (OnBeanCondition)

   WebMvcAutoConfiguration.EnableWebMvcConfiguration#localeResolver matched:
      - @ConditionalOnMissingBean (names: localeResolver; SearchStrategy: all) did not find any beans (OnBeanCondition)

   WebMvcAutoConfiguration.EnableWebMvcConfiguration#viewNameTranslator matched:
      - @ConditionalOnMissingBean (names: viewNameTranslator; SearchStrategy: all) did not find any beans (OnBeanCondition)

   WebMvcAutoConfiguration.WebMvcAutoConfigurationAdapter#defaultViewResolver matched:
      - @ConditionalOnMissingBean (types: org.springframework.web.servlet.view.InternalResourceViewResolver; SearchStrategy: all) did not find any beans (OnBeanCondition)

   WebMvcAutoConfiguration.WebMvcAutoConfigurationAdapter#requestContextFilter matched:
      - @ConditionalOnMissingBean (types: org.springframework.web.context.request.RequestContextListener,org.springframework.web.filter.RequestContextFilter; SearchStrategy: all) did not find any beans (OnBeanCondition)

   WebMvcAutoConfiguration.WebMvcAutoConfigurationAdapter#viewResolver matched:
      - @ConditionalOnBean (types: org.springframework.web.servlet.ViewResolver; SearchStrategy: all) found beans 'defaultViewResolver', 'beanNameViewResolver', 'mvcViewResolver'; @ConditionalOnMissingBean (names: viewResolver types: org.springframework.web.servlet.view.ContentNegotiatingViewResolver; SearchStrategy: all) did not find any beans (OnBeanCondition)


Negative matches:
-----------------

   AopAutoConfiguration.AspectJAutoProxyingConfiguration.JdkDynamicAutoProxyConfiguration:
      Did not match:
         - @ConditionalOnBooleanProperty (spring.aop.proxy-target-class=false) did not find property 'spring.aop.proxy-target-class' (OnPropertyCondition)

   AopAutoConfiguration.ClassProxyingConfiguration:
      Did not match:
         - @ConditionalOnMissingClass found unwanted class 'org.aspectj.weaver.Advice' (OnClassCondition)

   DataJpaRepositoriesAutoConfiguration#entityManagerFactoryBootstrapExecutorCustomizer:
      Did not match:
         - @ConditionalOnProperty (spring.data.jpa.repositories.bootstrap-mode=deferred) did not find property 'spring.data.jpa.repositories.bootstrap-mode' (OnPropertyCondition)

   DataRepositoryMetricsAutoConfiguration:
      Did not match:
         - @ConditionalOnBean did not find required type 'io.micrometer.core.instrument.MeterRegistry' (OnBeanCondition)

   DataSourceAutoConfiguration.EmbeddedDatabaseConfiguration:
      Did not match:
         - EmbeddedDataSource spring.datasource.url is set (DataSourceAutoConfiguration.EmbeddedDatabaseCondition)

   DataSourceCheckpointRestoreConfiguration:
      Did not match:
         - @ConditionalOnClass did not find required class 'org.crac.Resource' (OnClassCondition)

   DataSourceConfiguration.Dbcp2:
      Did not match:
         - @ConditionalOnClass did not find required class 'org.apache.commons.dbcp2.BasicDataSource' (OnClassCondition)

   DataSourceConfiguration.Generic:
      Did not match:
         - @ConditionalOnProperty (spring.datasource.type) did not find property 'spring.datasource.type' (OnPropertyCondition)

   DataSourceConfiguration.OracleUcp:
      Did not match:
         - @ConditionalOnClass did not find required classes 'oracle.ucp.jdbc.PoolDataSourceImpl', 'oracle.jdbc.OracleConnection' (OnClassCondition)

   DataSourceConfiguration.Tomcat:
      Did not match:
         - @ConditionalOnClass did not find required class 'org.apache.tomcat.jdbc.pool.DataSource' (OnClassCondition)

   DataSourceHealthContributorAutoConfiguration:
      Did not match:
         - @ConditionalOnClass did not find required class 'org.springframework.boot.health.autoconfigure.contributor.ConditionalOnEnabledHealthIndicator' (OnClassCondition)

   DataSourceJmxConfiguration:
      Did not match:
         - @ConditionalOnBooleanProperty (spring.jmx.enabled=true) did not find property 'spring.jmx.enabled' (OnPropertyCondition)

   DataSourcePoolMetadataProvidersConfiguration.CommonsDbcp2PoolDataSourceMetadataProviderConfiguration:
      Did not match:
         - @ConditionalOnClass did not find required class 'org.apache.commons.dbcp2.BasicDataSource' (OnClassCondition)

   DataSourcePoolMetadataProvidersConfiguration.OracleUcpPoolDataSourceMetadataProviderConfiguration:
      Did not match:
         - @ConditionalOnClass did not find required classes 'oracle.ucp.jdbc.PoolDataSource', 'oracle.jdbc.OracleConnection' (OnClassCondition)

   DataSourcePoolMetadataProvidersConfiguration.TomcatDataSourcePoolMetadataProviderConfiguration:
      Did not match:
         - @ConditionalOnClass did not find required class 'org.apache.tomcat.jdbc.pool.DataSource' (OnClassCondition)

   DataSourcePoolMetricsAutoConfiguration:
      Did not match:
         - @ConditionalOnClass did not find required class 'io.micrometer.core.instrument.MeterRegistry' (OnClassCondition)

   DataSourceTransactionManagerAutoConfiguration.JdbcTransactionManagerConfiguration#transactionManager:
      Did not match:
         - @ConditionalOnMissingBean (types: org.springframework.transaction.TransactionManager; SearchStrategy: all) found beans of type 'org.springframework.transaction.TransactionManager' transactionManager (OnBeanCondition)

   DevToolsR2dbcAutoConfiguration:
      Did not match:
         - @ConditionalOnClass did not find required class 'io.r2dbc.spi.ConnectionFactory' (OnClassCondition)

   DispatcherServletAutoConfiguration.DispatcherServletConfiguration#multipartResolver:
      Did not match:
         - @ConditionalOnBean (types: org.springframework.web.multipart.MultipartResolver; SearchStrategy: all) did not find any beans of type org.springframework.web.multipart.MultipartResolver (OnBeanCondition)

   FlywayAutoConfiguration:
      Did not match:
         - @ConditionalOnBooleanProperty (spring.flyway.enabled=true) found different value in property 'spring.flyway.enabled' (OnPropertyCondition)
      Matched:
         - @ConditionalOnClass found required class 'org.flywaydb.core.Flyway' (OnClassCondition)

   FlywayEndpointAutoConfiguration:
      Did not match:
         - @ConditionalOnClass did not find required class 'org.springframework.boot.actuate.autoconfigure.endpoint.condition.ConditionalOnAvailableEndpoint' (OnClassCondition)

   GraphQlAutoConfiguration:
      Did not match:
         - @ConditionalOnGraphQlSchema did not find schema files in locations 'classpath:graphql/**/'; @ConditionalOnGraphQlSchema did not find GraphQlSourceBuilderCustomizer; @ConditionalOnGraphQlSchema did not find GraphQlSource (DefaultGraphQlSchemaCondition)
      Matched:
         - @ConditionalOnClass found required classes 'graphql.GraphQL', 'org.springframework.graphql.execution.GraphQlSource' (OnClassCondition)

   GraphQlAutoConfiguration.GraphQlDataAutoConfiguration:
      Did not match:
         - Ancestor org.springframework.boot.graphql.autoconfigure.GraphQlAutoConfiguration did not match (ConditionEvaluationReport.AncestorsMatchedCondition)
      Matched:
         - @ConditionalOnClass found required class 'org.springframework.data.domain.ScrollPosition' (OnClassCondition)

   GraphQlObservationAutoConfiguration:
      Did not match:
         - @ConditionalOnBean (types: io.micrometer.observation.ObservationRegistry; SearchStrategy: all) did not find any beans of type io.micrometer.observation.ObservationRegistry (OnBeanCondition)
      Matched:
         - @ConditionalOnClass found required classes 'graphql.GraphQL', 'org.springframework.graphql.execution.GraphQlSource', 'io.micrometer.observation.Observation' (OnClassCondition)

   GraphQlQueryByExampleAutoConfiguration:
      Did not match:
         - @ConditionalOnBean (types: org.springframework.graphql.execution.GraphQlSource; SearchStrategy: all) did not find any beans of type org.springframework.graphql.execution.GraphQlSource (OnBeanCondition)
      Matched:
         - @ConditionalOnClass found required classes 'graphql.GraphQL', 'org.springframework.graphql.data.query.QueryByExampleDataFetcher', 'org.springframework.data.repository.query.QueryByExampleExecutor' (OnClassCondition)

   GraphQlQuerydslAutoConfiguration:
      Did not match:
         - @ConditionalOnClass did not find required class 'com.querydsl.core.Query' (OnClassCondition)

   GraphQlRSocketAutoConfiguration:
      Did not match:
         - @ConditionalOnClass did not find required class 'io.rsocket.core.RSocketServer' (OnClassCondition)

   GraphQlReactiveQueryByExampleAutoConfiguration:
      Did not match:
         - @ConditionalOnBean (types: org.springframework.graphql.execution.GraphQlSource; SearchStrategy: all) did not find any beans of type org.springframework.graphql.execution.GraphQlSource (OnBeanCondition)
      Matched:
         - @ConditionalOnClass found required classes 'graphql.GraphQL', 'org.springframework.graphql.data.query.QueryByExampleDataFetcher', 'org.springframework.data.repository.query.ReactiveQueryByExampleExecutor' (OnClassCondition)

   GraphQlReactiveQuerydslAutoConfiguration:
      Did not match:
         - @ConditionalOnClass did not find required class 'com.querydsl.core.Query' (OnClassCondition)

   GraphQlWebFluxAutoConfiguration:
      Did not match:
         - @ConditionalOnWebApplication did not find reactive web application classes (OnWebApplicationCondition)

   GraphQlWebFluxSecurityAutoConfiguration:
      Did not match:
         - @ConditionalOnWebApplication did not find reactive web application classes (OnWebApplicationCondition)

   GraphQlWebMvcAutoConfiguration:
      Did not match:
         - @ConditionalOnBean (types: org.springframework.graphql.ExecutionGraphQlService; SearchStrategy: all) did not find any beans of type org.springframework.graphql.ExecutionGraphQlService (OnBeanCondition)
      Matched:
         - @ConditionalOnClass found required classes 'graphql.GraphQL', 'org.springframework.graphql.server.webmvc.GraphQlHttpHandler' (OnClassCondition)
         - found 'session' scope (OnWebApplicationCondition)

   GraphQlWebMvcAutoConfiguration.WebSocketConfiguration:
      Did not match:
         - @ConditionalOnClass did not find required class 'org.springframework.web.socket.WebSocketHandler' (OnClassCondition)
         - Ancestor org.springframework.boot.graphql.autoconfigure.servlet.GraphQlWebMvcAutoConfiguration did not match (ConditionEvaluationReport.AncestorsMatchedCondition)

   GraphQlWebMvcSecurityAutoConfiguration:
      Did not match:
         - @ConditionalOnBean (types: org.springframework.graphql.server.webmvc.GraphQlHttpHandler; SearchStrategy: all) did not find any beans of type org.springframework.graphql.server.webmvc.GraphQlHttpHandler (OnBeanCondition)
      Matched:
         - @ConditionalOnClass found required classes 'graphql.GraphQL', 'org.springframework.graphql.server.webmvc.GraphQlHttpHandler', 'org.springframework.security.config.annotation.web.configuration.EnableWebSecurity' (OnClassCondition)
         - found 'session' scope (OnWebApplicationCondition)

   GsonHttpMessageConvertersConfiguration:
      Did not match:
         - @ConditionalOnClass did not find required class 'com.google.gson.Gson' (OnClassCondition)

   HibernateMetricsAutoConfiguration:
      Did not match:
         - @ConditionalOnClass did not find required class 'io.micrometer.core.instrument.MeterRegistry' (OnClassCondition)

   Jackson2HttpMessageConvertersConfiguration.MappingJackson2HttpMessageConverterConfiguration:
      Did not match:
         - AnyNestedCondition 0 matched 2 did not; NestedCondition on Jackson2HttpMessageConvertersConfiguration.PreferJackson2OrJacksonUnavailableCondition.JacksonUnavailable @ConditionalOnMissingBean (types: org.springframework.boot.http.converter.autoconfigure.JacksonHttpMessageConvertersConfiguration$JacksonJsonHttpMessageConvertersCustomizer; SearchStrategy: all) found beans of type 'org.springframework.boot.http.converter.autoconfigure.JacksonHttpMessageConvertersConfiguration$JacksonJsonHttpMessageConvertersCustomizer' jacksonJsonHttpMessageConvertersCustomizer; NestedCondition on Jackson2HttpMessageConvertersConfiguration.PreferJackson2OrJacksonUnavailableCondition.Jackson2Preferred @ConditionalOnProperty (spring.http.converters.preferred-json-mapper=jackson2) did not find property 'spring.http.converters.preferred-json-mapper' (Jackson2HttpMessageConvertersConfiguration.PreferJackson2OrJacksonUnavailableCondition)
      Matched:
         - @ConditionalOnClass found required class 'com.fasterxml.jackson.databind.ObjectMapper' (OnClassCondition)

   Jackson2HttpMessageConvertersConfiguration.MappingJackson2XmlHttpMessageConverterConfiguration:
      Did not match:
         - @ConditionalOnClass did not find required class 'com.fasterxml.jackson.dataformat.xml.XmlMapper' (OnClassCondition)

   JacksonAutoConfiguration.CborConfiguration:
      Did not match:
         - @ConditionalOnClass did not find required class 'tools.jackson.dataformat.cbor.CBORMapper' (OnClassCondition)

   JacksonAutoConfiguration.XmlConfiguration:
      Did not match:
         - @ConditionalOnClass did not find required class 'tools.jackson.dataformat.xml.XmlMapper' (OnClassCondition)

   JacksonHttpMessageConvertersConfiguration.JacksonXmlHttpMessageConverterConfiguration:
      Did not match:
         - @ConditionalOnClass did not find required class 'tools.jackson.dataformat.xml.XmlMapper' (OnClassCondition)

   JmxAutoConfiguration:
      Did not match:
         - @ConditionalOnBooleanProperty (spring.jmx.enabled=true) did not find property 'spring.jmx.enabled' (OnPropertyCondition)
      Matched:
         - @ConditionalOnClass found required class 'org.springframework.jmx.export.MBeanExporter' (OnClassCondition)

   JndiDataSourceAutoConfiguration:
      Did not match:
         - @ConditionalOnProperty (spring.datasource.jndi-name) did not find property 'spring.datasource.jndi-name' (OnPropertyCondition)
      Matched:
         - @ConditionalOnClass found required classes 'javax.sql.DataSource', 'org.springframework.jdbc.datasource.embedded.EmbeddedDatabaseType' (OnClassCondition)

   JndiJtaConfiguration:
      Did not match:
         - @ConditionalOnJndi JNDI environment is not available (OnJndiCondition)
      Matched:
         - @ConditionalOnClass found required class 'org.springframework.transaction.jta.JtaTransactionManager' (OnClassCondition)

   JsonbHttpMessageConvertersConfiguration:
      Did not match:
         - @ConditionalOnClass did not find required class 'jakarta.json.bind.Jsonb' (OnClassCondition)

   KotlinSerializationHttpMessageConvertersConfiguration:
      Did not match:
         - @ConditionalOnClass did not find required classes 'kotlinx.serialization.Serializable', 'kotlinx.serialization.json.Json' (OnClassCondition)

   LazyConnectionDataSourceConfiguration:
      Did not match:
         - @ConditionalOnProperty (spring.datasource.connection-fetch=lazy) did not find property 'spring.datasource.connection-fetch' (OnPropertyCondition)

   LocalDevToolsAutoConfiguration.LiveReloadConfiguration:
      Did not match:
         - @ConditionalOnBooleanProperty (spring.devtools.livereload.enabled=true) did not find property 'spring.devtools.livereload.enabled' (OnPropertyCondition)

   ManagementWebSecurityAutoConfiguration:
      Did not match:
         - @ConditionalOnClass did not find required class 'org.springframework.boot.actuate.autoconfigure.endpoint.web.WebEndpointAutoConfiguration' (OnClassCondition)

   MessageSourceAutoConfiguration:
      Did not match:
         - ResourceBundle did not find bundle with basename messages (MessageSourceAutoConfiguration.ResourceBundleCondition)

   ProjectInfoAutoConfiguration#buildProperties:
      Did not match:
         - @ConditionalOnResource did not find resource '${spring.info.build.location:classpath:META-INF/build-info.properties}' (OnResourceCondition)

   ProjectInfoAutoConfiguration#gitProperties:
      Did not match:
         - GitResource did not find git info at classpath:git.properties (ProjectInfoAutoConfiguration.GitResourceAvailableCondition)

   RSocketGraphQlClientAutoConfiguration:
      Did not match:
         - @ConditionalOnClass did not find required class 'io.rsocket.RSocket' (OnClassCondition)

   RSocketSecurityAutoConfiguration:
      Did not match:
         - @ConditionalOnClass did not find required class 'org.springframework.boot.rsocket.server.RSocketServerCustomizer' (OnClassCondition)

   ReactiveManagementWebSecurityAutoConfiguration:
      Did not match:
         - @ConditionalOnClass did not find required class 'org.springframework.boot.actuate.autoconfigure.endpoint.web.WebEndpointAutoConfiguration' (OnClassCondition)

   ReactiveUserDetailsServiceAutoConfiguration:
      Did not match:
         - AnyNestedCondition 0 matched 2 did not; NestedCondition on ReactiveUserDetailsServiceAutoConfiguration.RSocketEnabledOrReactiveWebApplication.ReactiveWebApplicationCondition did not find reactive web application classes; NestedCondition on ReactiveUserDetailsServiceAutoConfiguration.RSocketEnabledOrReactiveWebApplication.RSocketSecurityEnabledCondition @ConditionalOnBean (types: org.springframework.messaging.rsocket.annotation.support.RSocketMessageHandler; SearchStrategy: all) did not find any beans of type org.springframework.messaging.rsocket.annotation.support.RSocketMessageHandler (ReactiveUserDetailsServiceAutoConfiguration.RSocketEnabledOrReactiveWebApplication)
      Matched:
         - @ConditionalOnClass found required class 'org.springframework.security.authentication.ReactiveAuthenticationManager' (OnClassCondition)
         - AnyNestedCondition 1 matched 2 did not; NestedCondition on MissingAlternativeUserDetailsManagerOrUserPropertiesConfigured.PasswordConfigured @ConditionalOnProperty (spring.security.user.password) did not find property 'spring.security.user.password'; NestedCondition on MissingAlternativeUserDetailsManagerOrUserPropertiesConfigured.NameConfigured @ConditionalOnProperty (spring.security.user.name) did not find property 'spring.security.user.name'; NestedCondition on MissingAlternativeUserDetailsManagerOrUserPropertiesConfigured.MissingAlternative @ConditionalOnMissingClass did not find unwanted classes 'org.springframework.security.oauth2.client.registration.ClientRegistrationRepository', 'org.springframework.security.oauth2.server.resource.introspection.OpaqueTokenIntrospector', 'org.springframework.security.saml2.provider.service.registration.RelyingPartyRegistrationRepository' (MissingAlternativeUserDetailsManagerOrUserPropertiesConfigured)

   ReactiveWebSecurityAutoConfiguration:
      Did not match:
         - @ConditionalOnClass did not find required class 'org.springframework.web.reactive.config.WebFluxConfigurer' (OnClassCondition)

   RemoteDevToolsAutoConfiguration:
      Did not match:
         - @ConditionalOnProperty (spring.devtools.remote.secret) did not find property 'spring.devtools.remote.secret' (OnPropertyCondition)
      Matched:
         - @ConditionalOnClass found required classes 'jakarta.servlet.Filter', 'org.springframework.http.server.ServerHttpRequest', 'org.springframework.boot.web.server.autoconfigure.ServerProperties' (OnClassCondition)

   SecurityAutoConfiguration.SecurityDataConfiguration:
      Did not match:
         - @ConditionalOnClass did not find required class 'org.springframework.security.data.repository.query.SecurityEvaluationContextExtension' (OnClassCondition)

   ServletHttpExchangesAutoConfiguration:
      Did not match:
         - @ConditionalOnBean did not find required type 'org.springframework.boot.actuate.web.exchanges.HttpExchangeRepository' (OnBeanCondition)

   ServletManagementContextAutoConfiguration:
      Did not match:
         - @ConditionalOnClass did not find required class 'org.springframework.boot.actuate.autoconfigure.endpoint.web.WebEndpointProperties' (OnClassCondition)

   ServletMappingsAutoConfiguration:
      Did not match:
         - @ConditionalOnClass did not find required class 'org.springframework.boot.actuate.autoconfigure.endpoint.condition.ConditionalOnAvailableEndpoint' (OnClassCondition)

   ServletWebSecurityAutoConfiguration.SecurityFilterChainConfiguration:
      Did not match:
         - AllNestedConditions 1 matched 1 did not; NestedCondition on DefaultWebSecurityCondition.Beans @ConditionalOnMissingBean (types: org.springframework.security.web.SecurityFilterChain; SearchStrategy: all) found beans of type 'org.springframework.security.web.SecurityFilterChain' securityFilterChain; NestedCondition on DefaultWebSecurityCondition.Classes @ConditionalOnClass found required classes 'org.springframework.security.web.SecurityFilterChain', 'org.springframework.security.config.annotation.web.builders.HttpSecurity' (DefaultWebSecurityCondition)

   ServletWebServerConfiguration#forwardedHeaderFilter:
      Did not match:
         - @ConditionalOnProperty (server.forward-headers-strategy=framework) did not find property 'server.forward-headers-strategy' (OnPropertyCondition)

   SpringApplicationAdminJmxAutoConfiguration:
      Did not match:
         - @ConditionalOnBooleanProperty (spring.application.admin.enabled=true) did not find property 'spring.application.admin.enabled' (OnPropertyCondition)

   TaskExecutorConfigurations.AsyncConfigurerWrapperConfiguration:
      Did not match:
         - @ConditionalOnBean (types: org.springframework.scheduling.annotation.AsyncConfigurer; SearchStrategy: all) did not find any beans of type org.springframework.scheduling.annotation.AsyncConfigurer (OnBeanCondition)

   TaskExecutorConfigurations.SimpleAsyncTaskExecutorBuilderConfiguration#simpleAsyncTaskExecutorBuilderVirtualThreads:
      Did not match:
         - @ConditionalOnMissingBean (types: org.springframework.boot.task.SimpleAsyncTaskExecutorBuilder; SearchStrategy: all) found beans of type 'org.springframework.boot.task.SimpleAsyncTaskExecutorBuilder' simpleAsyncTaskExecutorBuilder (OnBeanCondition)

   TaskExecutorConfigurations.TaskExecutorConfiguration#applicationTaskExecutorVirtualThreads:
      Did not match:
         - @ConditionalOnThreading did not find VIRTUAL (OnThreadingCondition)

   TaskExecutorConfigurations.TaskExecutorContextPropagationConfiguration#contextPropagatingTaskDecorator:
      Did not match:
         - @ConditionalOnProperty (spring.task.execution.propagate-context=true) did not find property 'spring.task.execution.propagate-context' (OnPropertyCondition)

   TaskSchedulingAutoConfiguration#scheduledBeanLazyInitializationExcludeFilter:
      Did not match:
         - @ConditionalOnBean (names: org.springframework.scheduling.config.internalScheduledAnnotationProcessor; SearchStrategy: all) did not find any beans named org.springframework.scheduling.config.internalScheduledAnnotationProcessor (OnBeanCondition)

   TaskSchedulingConfigurations.SimpleAsyncTaskSchedulerBuilderConfiguration#simpleAsyncTaskSchedulerBuilderVirtualThreads:
      Did not match:
         - @ConditionalOnMissingBean (types: org.springframework.boot.task.SimpleAsyncTaskSchedulerBuilder; SearchStrategy: all) found beans of type 'org.springframework.boot.task.SimpleAsyncTaskSchedulerBuilder' simpleAsyncTaskSchedulerBuilder (OnBeanCondition)

   TaskSchedulingConfigurations.TaskSchedulerConfiguration:
      Did not match:
         - @ConditionalOnBean (names: org.springframework.scheduling.config.internalScheduledAnnotationProcessor; SearchStrategy: all) did not find any beans named org.springframework.scheduling.config.internalScheduledAnnotationProcessor (OnBeanCondition)

   TomcatMetricsAutoConfiguration:
      Did not match:
         - @ConditionalOnClass did not find required class 'io.micrometer.core.instrument.binder.tomcat.TomcatMetrics' (OnClassCondition)

   TomcatReactiveManagementContextAutoConfiguration:
      Did not match:
         - @ConditionalOnClass did not find required class 'org.springframework.boot.actuate.autoconfigure.web.server.ManagementContextFactory' (OnClassCondition)

   TomcatReactiveWebServerAutoConfiguration:
      Did not match:
         - @ConditionalOnWebApplication did not find reactive web application classes (OnWebApplicationCondition)

   TomcatServletManagementContextAutoConfiguration:
      Did not match:
         - @ConditionalOnClass did not find required class 'org.springframework.boot.actuate.autoconfigure.web.server.ManagementContextFactory' (OnClassCondition)

   TomcatServletWebServerAutoConfiguration#tomcatForwardedHeaderFilterCustomizer:
      Did not match:
         - @ConditionalOnProperty (server.forward-headers-strategy=framework) did not find property 'server.forward-headers-strategy' (OnPropertyCondition)

   TomcatWebServerConfiguration#tomcatVirtualThreadsProtocolHandlerCustomizer:
      Did not match:
         - @ConditionalOnThreading did not find VIRTUAL (OnThreadingCondition)

   TransactionAutoConfiguration#transactionalOperator:
      Did not match:
         - @ConditionalOnSingleCandidate (types: org.springframework.transaction.ReactiveTransactionManager; SearchStrategy: all) did not find any beans (OnBeanCondition)

   TransactionAutoConfiguration.AspectJTransactionManagementConfiguration:
      Did not match:
         - @ConditionalOnBean (types: org.springframework.transaction.aspectj.AbstractTransactionAspect; SearchStrategy: all) did not find any beans of type org.springframework.transaction.aspectj.AbstractTransactionAspect (OnBeanCondition)

   TransactionAutoConfiguration.EnableTransactionManagementConfiguration.JdkDynamicAutoProxyConfiguration:
      Did not match:
         - @ConditionalOnBooleanProperty (spring.aop.proxy-target-class=false) did not find property 'spring.aop.proxy-target-class' (OnPropertyCondition)

   UserDetailsServiceAutoConfiguration:
      Did not match:
         - @ConditionalOnMissingBean (types: org.springframework.security.authentication.AuthenticationManager,org.springframework.security.authentication.AuthenticationProvider,org.springframework.security.core.userdetails.UserDetailsService,org.springframework.security.authentication.AuthenticationManagerResolver,org.springframework.security.oauth2.jwt.JwtDecoder; SearchStrategy: all) found beans of type 'org.springframework.security.authentication.AuthenticationManager' authenticationManager and found beans of type 'org.springframework.security.core.userdetails.UserDetailsService' customUserDetailsService and found beans of type 'org.springframework.security.authentication.AuthenticationProvider' authenticationProvider (OnBeanCondition)
      Matched:
         - @ConditionalOnClass found required class 'org.springframework.security.authentication.AuthenticationManager' (OnClassCondition)
         - found 'session' scope (OnWebApplicationCondition)
         - AnyNestedCondition 1 matched 2 did not; NestedCondition on MissingAlternativeUserDetailsManagerOrUserPropertiesConfigured.PasswordConfigured @ConditionalOnProperty (spring.security.user.password) did not find property 'spring.security.user.password'; NestedCondition on MissingAlternativeUserDetailsManagerOrUserPropertiesConfigured.NameConfigured @ConditionalOnProperty (spring.security.user.name) did not find property 'spring.security.user.name'; NestedCondition on MissingAlternativeUserDetailsManagerOrUserPropertiesConfigured.MissingAlternative @ConditionalOnMissingClass did not find unwanted classes 'org.springframework.security.oauth2.client.registration.ClientRegistrationRepository', 'org.springframework.security.oauth2.server.resource.introspection.OpaqueTokenIntrospector', 'org.springframework.security.saml2.provider.service.registration.RelyingPartyRegistrationRepository' (MissingAlternativeUserDetailsManagerOrUserPropertiesConfigured)

   WebMvcAutoConfiguration#hiddenHttpMethodFilter:
      Did not match:
         - @ConditionalOnBooleanProperty (spring.mvc.hiddenmethod.filter.enabled=true) did not find property 'spring.mvc.hiddenmethod.filter.enabled' (OnPropertyCondition)

   WebMvcAutoConfiguration.ProblemDetailsErrorHandlingConfiguration:
      Did not match:
         - @ConditionalOnBooleanProperty (spring.mvc.problemdetails.enabled=true) did not find property 'spring.mvc.problemdetails.enabled' (OnPropertyCondition)

   WebMvcAutoConfiguration.ResourceChainCustomizerConfiguration:
      Did not match:
         - @ConditionalOnEnabledResourceChain did not find class org.webjars.WebJarVersionLocator (OnEnabledResourceChainCondition)

   WebMvcAutoConfiguration.WebMvcAutoConfigurationAdapter#beanNameViewResolver:
      Did not match:
         - @ConditionalOnMissingBean (types: org.springframework.web.servlet.view.BeanNameViewResolver; SearchStrategy: all) found beans of type 'org.springframework.web.servlet.view.BeanNameViewResolver' beanNameViewResolver (OnBeanCondition)

   WebMvcHealthEndpointExtensionAutoConfiguration:
      Did not match:
         - @ConditionalOnClass did not find required class 'org.springframework.boot.health.actuate.endpoint.HealthEndpoint' (OnClassCondition)

   WebMvcMappingsAutoConfiguration:
      Did not match:
         - @ConditionalOnClass did not find required class 'org.springframework.boot.actuate.autoconfigure.endpoint.condition.ConditionalOnAvailableEndpoint' (OnClassCondition)

   WebMvcObservationAutoConfiguration:
      Did not match:
         - @ConditionalOnClass did not find required class 'org.springframework.boot.micrometer.observation.autoconfigure.ObservationProperties' (OnClassCondition)

   XADataSourceAutoConfiguration:
      Did not match:
         - @ConditionalOnBean (types: org.springframework.boot.jdbc.XADataSourceWrapper; SearchStrategy: all) did not find any beans of type org.springframework.boot.jdbc.XADataSourceWrapper (OnBeanCondition)
      Matched:
         - @ConditionalOnClass found required classes 'javax.sql.DataSource', 'jakarta.transaction.TransactionManager', 'org.springframework.jdbc.datasource.embedded.EmbeddedDatabaseType' (OnClassCondition)


Exclusions:
-----------

    None


Unconditional classes:
----------------------

    org.springframework.boot.autoconfigure.context.ConfigurationPropertiesAutoConfiguration

    org.springframework.boot.autoconfigure.ssl.SslAutoConfiguration

    org.springframework.boot.autoconfigure.context.PropertyPlaceholderAutoConfiguration

    org.springframework.boot.autoconfigure.context.LifecycleAutoConfiguration

    org.springframework.boot.autoconfigure.availability.ApplicationAvailabilityAutoConfiguration

    org.springframework.boot.autoconfigure.info.ProjectInfoAutoConfiguration



2026-08-10T11:29:02.839+05:30 DEBUG 38576 --- [drive] [  restartedMain] o.s.b.d.LoggingFailureAnalysisReporter   : Application failed to start due to an exception

org.springframework.boot.web.server.PortInUseException: Port 8086 is already in use
	at org.springframework.boot.web.server.PortInUseException.lambda$throwIfPortBindingException$0(PortInUseException.java:73) ~[spring-boot-web-server-4.1.0.jar:4.1.0]
	at org.springframework.boot.web.server.PortInUseException.lambda$ifPortBindingException$0(PortInUseException.java:89) ~[spring-boot-web-server-4.1.0.jar:4.1.0]
	at org.springframework.boot.web.server.PortInUseException.ifCausedBy(PortInUseException.java:107) ~[spring-boot-web-server-4.1.0.jar:4.1.0]
	at org.springframework.boot.web.server.PortInUseException.ifPortBindingException(PortInUseException.java:85) ~[spring-boot-web-server-4.1.0.jar:4.1.0]
	at org.springframework.boot.web.server.PortInUseException.throwIfPortBindingException(PortInUseException.java:72) ~[spring-boot-web-server-4.1.0.jar:4.1.0]
	at org.springframework.boot.tomcat.TomcatWebServer.start(TomcatWebServer.java:247) ~[spring-boot-tomcat-4.1.0.jar:4.1.0]
	at org.springframework.boot.web.server.servlet.context.WebServerStartStopLifecycle.start(WebServerStartStopLifecycle.java:44) ~[spring-boot-web-server-4.1.0.jar:4.1.0]
	at org.springframework.context.support.DefaultLifecycleProcessor.doStart(DefaultLifecycleProcessor.java:420) ~[spring-context-7.0.8.jar:7.0.8]
	at org.springframework.context.support.DefaultLifecycleProcessor.doStart(DefaultLifecycleProcessor.java:409) ~[spring-context-7.0.8.jar:7.0.8]
	at org.springframework.context.support.DefaultLifecycleProcessor$LifecycleGroup.start(DefaultLifecycleProcessor.java:613) ~[spring-context-7.0.8.jar:7.0.8]
	at java.base/java.lang.Iterable.forEach(Iterable.java:75) ~[na:na]
	at org.springframework.context.support.DefaultLifecycleProcessor.startBeans(DefaultLifecycleProcessor.java:379) ~[spring-context-7.0.8.jar:7.0.8]
	at org.springframework.context.support.DefaultLifecycleProcessor.onRefresh(DefaultLifecycleProcessor.java:306) ~[spring-context-7.0.8.jar:7.0.8]
	at org.springframework.context.support.AbstractApplicationContext.finishRefresh(AbstractApplicationContext.java:1013) ~[spring-context-7.0.8.jar:7.0.8]
	at org.springframework.context.support.AbstractApplicationContext.refresh(AbstractApplicationContext.java:624) ~[spring-context-7.0.8.jar:7.0.8]
	at org.springframework.boot.web.server.servlet.context.ServletWebServerApplicationContext.refresh(ServletWebServerApplicationContext.java:143) ~[spring-boot-web-server-4.1.0.jar:4.1.0]
	at org.springframework.boot.SpringApplication.refresh(SpringApplication.java:756) ~[spring-boot-4.1.0.jar:4.1.0]
	at org.springframework.boot.SpringApplication.refreshContext(SpringApplication.java:445) ~[spring-boot-4.1.0.jar:4.1.0]
	at org.springframework.boot.SpringApplication.run(SpringApplication.java:321) ~[spring-boot-4.1.0.jar:4.1.0]
	at org.springframework.boot.SpringApplication.run(SpringApplication.java:1365) ~[spring-boot-4.1.0.jar:4.1.0]
	at org.springframework.boot.SpringApplication.run(SpringApplication.java:1354) ~[spring-boot-4.1.0.jar:4.1.0]
	at com.eesara.drive.DriveApplication.main(DriveApplication.java:10) ~[main/:na]
	at java.base/jdk.internal.reflect.DirectMethodHandleAccessor.invoke(DirectMethodHandleAccessor.java:103) ~[na:na]
	at java.base/java.lang.reflect.Method.invoke(Method.java:580) ~[na:na]
	at org.springframework.boot.devtools.restart.RestartLauncher.run(RestartLauncher.java:52) ~[spring-boot-devtools-4.1.0.jar:4.1.0]
Caused by: java.lang.IllegalArgumentException: standardService.connector.startFailed
	at org.apache.catalina.core.StandardService.addConnector(StandardService.java:220) ~[tomcat-embed-core-11.0.22.jar:11.0.22]
	at org.springframework.boot.tomcat.TomcatWebServer.addPreviouslyRemovedConnectors(TomcatWebServer.java:307) ~[spring-boot-tomcat-4.1.0.jar:4.1.0]
	at org.springframework.boot.tomcat.TomcatWebServer.start(TomcatWebServer.java:233) ~[spring-boot-tomcat-4.1.0.jar:4.1.0]
	... 19 common frames omitted
Caused by: org.apache.catalina.LifecycleException: Protocol handler start failed
	at org.apache.catalina.connector.Connector.startInternal(Connector.java:1119) ~[tomcat-embed-core-11.0.22.jar:11.0.22]
	at org.apache.catalina.util.LifecycleBase.start(LifecycleBase.java:164) ~[tomcat-embed-core-11.0.22.jar:11.0.22]
	at org.apache.catalina.core.StandardService.addConnector(StandardService.java:217) ~[tomcat-embed-core-11.0.22.jar:11.0.22]
	... 21 common frames omitted
Caused by: java.net.BindException: Address already in use
	at java.base/sun.nio.ch.Net.bind0(Native Method) ~[na:na]
	at java.base/sun.nio.ch.Net.bind(Net.java:577) ~[na:na]
	at java.base/sun.nio.ch.ServerSocketChannelImpl.netBind(ServerSocketChannelImpl.java:344) ~[na:na]
	at java.base/sun.nio.ch.ServerSocketChannelImpl.bind(ServerSocketChannelImpl.java:301) ~[na:na]
	at org.apache.tomcat.util.net.NioEndpoint.initServerSocket(NioEndpoint.java:265) ~[tomcat-embed-core-11.0.22.jar:11.0.22]
	at org.apache.tomcat.util.net.NioEndpoint.bind(NioEndpoint.java:220) ~[tomcat-embed-core-11.0.22.jar:11.0.22]
	at org.apache.tomcat.util.net.AbstractEndpoint.bindWithCleanup(AbstractEndpoint.java:1642) ~[tomcat-embed-core-11.0.22.jar:11.0.22]
	at org.apache.tomcat.util.net.AbstractEndpoint.start(AbstractEndpoint.java:1725) ~[tomcat-embed-core-11.0.22.jar:11.0.22]
	at org.apache.coyote.AbstractProtocol.start(AbstractProtocol.java:948) ~[tomcat-embed-core-11.0.22.jar:11.0.22]
	at org.apache.catalina.connector.Connector.startInternal(Connector.java:1116) ~[tomcat-embed-core-11.0.22.jar:11.0.22]
	... 23 common frames omitted

2026-08-10T11:29:02.841+05:30 ERROR 38576 --- [drive] [  restartedMain] o.s.b.d.LoggingFailureAnalysisReporter   : 

***************************
APPLICATION FAILED TO START
***************************

Description:

Web server failed to start. Port 8086 was already in use.

Action:

Identify and stop the process that's listening on port 8086 or configure this application to listen on another port.


BUILD SUCCESSFUL in 1m 36s
4 actionable tasks: 3 executed, 1 up-to-date
Consider enabling configuration cache to speed up this build: https://docs.gradle.org/9.5.1/userguide/configuration_cache_enabling.html
2026-08-10T11:29:02.883+0530 [DEBUG] [org.gradle.launcher.daemon.server.exec.ExecuteBuild] The daemon has finished executing the build.
2026-08-10T11:29:02.892+0530 [DEBUG] [org.gradle.launcher.daemon.server.DaemonStateCoordinator] daemon is running. Sleeping until state changes.
2026-08-10T11:29:02.892+0530 [DEBUG] [org.gradle.launcher.daemon.server.DaemonStateCoordinator] Command execution: finished waiting for DaemonCommandExecution[command = Build{id=89bdc50d-e6f4-4dec-bdae-9ae554239d10, currentDir=/Users/eesaramegasooriya/Documents/Projects/My Projects/drive/drive}, connection = DefaultDaemonConnection: socket connection from /127.0.0.1:50587 to /127.0.0.1:50588]. Result org.gradle.launcher.daemon.server.DaemonStateCoordinator@613f992 with state Busy
2026-08-10T11:29:02.892+0530 [DEBUG] [org.gradle.launcher.daemon.server.DaemonStateCoordinator] Command execution: completed DaemonCommandExecution[command = Build{id=89bdc50d-e6f4-4dec-bdae-9ae554239d10, currentDir=/Users/eesaramegasooriya/Documents/Projects/My Projects/drive/drive}, connection = DefaultDaemonConnection: socket connection from /127.0.0.1:50587 to /127.0.0.1:50588]
2026-08-10T11:29:02.893+0530 [DEBUG] [org.gradle.launcher.daemon.server.DaemonStateCoordinator] resetting idle timer
2026-08-10T11:29:02.893+0530 [INFO] [org.gradle.launcher.daemon.server.DaemonRegistryUpdater] Marking the daemon as idle, address: [03148e70-47a5-4a4e-b856-f1b6d6acb9c8 port:50587, addresses:[localhost/127.0.0.1]]
2026-08-10T11:29:02.893+0530 [DEBUG] [org.gradle.launcher.daemon.registry.PersistentDaemonRegistry] Marking busy by address: [03148e70-47a5-4a4e-b856-f1b6d6acb9c8 port:50587, addresses:[localhost/127.0.0.1]]
2026-08-10T11:29:02.893+0530 [DEBUG] [org.gradle.cache.internal.DefaultFileLockManager] Waiting to acquire exclusive lock on daemon addresses registry.
2026-08-10T11:29:02.893+0530 [DEBUG] [org.gradle.cache.internal.DefaultFileLockManager] Lock acquired on daemon addresses registry.
2026-08-10T11:29:02.893+0530 [DEBUG] [org.gradle.cache.internal.DefaultFileLockManager] Releasing lock on daemon addresses registry.
2026-08-10T11:29:02.893+0530 [DEBUG] [org.gradle.launcher.daemon.server.DaemonStateCoordinator] daemon is running. Sleeping until state changes.
2026-08-10T11:29:02.893+0530 [DEBUG] [org.gradle.launcher.daemon.server.exec.ReturnResult] Daemon is dispatching the build result: Success[value=org.gradle.launcher.exec.BuildActionResult@2ba8dd4e]
2026-08-10T11:29:02.893+0530 [DEBUG] [org.gradle.launcher.daemon.server.SynchronizedDispatchConnection] thread 20: dispatching Success[value=org.gradle.launcher.exec.BuildActionResult@2ba8dd4e]
2026-08-10T11:29:02.894+0530 [DEBUG] [org.gradle.launcher.daemon.server.exec.CleanUpVirtualFileSystemAfterBuild] Cleaning virtual file system after build finished
2026-08-10T11:29:02.894+0530 [DEBUG] [org.gradle.launcher.daemon.server.SynchronizedDispatchConnection] thread 21: received class org.gradle.launcher.daemon.protocol.CloseInput
2026-08-10T11:29:02.894+0530 [DEBUG] [org.gradle.launcher.daemon.server.DefaultDaemonConnection] thread 21: Received IO message from client: org.gradle.launcher.daemon.protocol.CloseInput@5b70fb57
2026-08-10T11:29:02.894+0530 [DEBUG] [org.gradle.launcher.daemon.server.DefaultIncomingConnectionHandler] Finishing executing command: Build{id=89bdc50d-e6f4-4dec-bdae-9ae554239d10, currentDir=/Users/eesaramegasooriya/Documents/Projects/My Projects/drive/drive}
2026-08-10T11:29:02.894+0530 [DEBUG] [org.gradle.launcher.daemon.server.SynchronizedDispatchConnection] thread 21: received class org.gradle.launcher.daemon.protocol.Finished
2026-08-10T11:29:02.894+0530 [DEBUG] [org.gradle.launcher.daemon.server.DefaultDaemonConnection] thread 21: Received non-IO message from client: org.gradle.launcher.daemon.protocol.Finished@93e2c46
2026-08-10T11:29:02.894+0530 [DEBUG] [org.gradle.launcher.daemon.server.DefaultIncomingConnectionHandler] Received finished message: org.gradle.launcher.daemon.protocol.Finished@93e2c46
2026-08-10T11:29:02.894+0530 [DEBUG] [org.gradle.launcher.daemon.server.SynchronizedDispatchConnection] thread 20: stopping connection
2026-08-10T11:29:02.895+0530 [DEBUG] [org.gradle.internal.remote.internal.inet.SocketConnection] Discarding EOFException: java.io.EOFException
2026-08-10T11:29:02.895+0530 [DEBUG] [org.gradle.launcher.daemon.server.SynchronizedDispatchConnection] thread 21: received null
2026-08-10T11:29:02.895+0530 [DEBUG] [org.gradle.launcher.daemon.server.DefaultDaemonConnection] thread 21: Received end-of-input from client.
2026-08-10T11:29:02.895+0530 [DEBUG] [org.gradle.launcher.daemon.server.SynchronizedDispatchConnection] thread 20: stopping connection
2026-08-10T11:29:11.120+0530 [DEBUG] [org.gradle.launcher.daemon.server.Daemon] Starting periodic daemon health check.
2026-08-10T11:29:11.120+0530 [DEBUG] [org.gradle.cache.internal.DefaultFileLockManager] Waiting to acquire shared lock on daemon addresses registry.
2026-08-10T11:29:11.121+0530 [DEBUG] [org.gradle.cache.internal.DefaultFileLockManager] Lock acquired on daemon addresses registry.
2026-08-10T11:29:11.121+0530 [DEBUG] [org.gradle.cache.internal.DefaultFileLockManager] Releasing lock on daemon addresses registry.
2026-08-10T11:29:11.121+0530 [DEBUG] [org.gradle.cache.internal.DefaultFileLockManager] Waiting to acquire shared lock on daemon addresses registry.
2026-08-10T11:29:11.122+0530 [DEBUG] [org.gradle.cache.internal.DefaultFileLockManager] Lock acquired on daemon addresses registry.
2026-08-10T11:29:11.122+0530 [DEBUG] [org.gradle.cache.internal.DefaultFileLockManager] Releasing lock on daemon addresses registry.
2026-08-10T11:29:11.122+0530 [DEBUG] [org.gradle.launcher.daemon.server.Daemon] Finished periodic daemon health check.
2026-08-10T11:29:21.179+0530 [DEBUG] [org.gradle.launcher.daemon.server.Daemon] Starting periodic daemon health check.
2026-08-10T11:29:21.180+0530 [DEBUG] [org.gradle.cache.internal.DefaultFileLockManager] Waiting to acquire shared lock on daemon addresses registry.
2026-08-10T11:29:21.181+0530 [DEBUG] [org.gradle.cache.internal.DefaultFileLockManager] Lock acquired on daemon addresses registry.
2026-08-10T11:29:21.181+0530 [DEBUG] [org.gradle.cache.internal.DefaultFileLockManager] Releasing lock on daemon addresses registry.
2026-08-10T11:29:21.181+0530 [DEBUG] [org.gradle.cache.internal.DefaultFileLockManager] Waiting to acquire shared lock on daemon addresses registry.
2026-08-10T11:29:21.181+0530 [DEBUG] [org.gradle.cache.internal.DefaultFileLockManager] Lock acquired on daemon addresses registry.
2026-08-10T11:29:21.181+0530 [DEBUG] [org.gradle.cache.internal.DefaultFileLockManager] Releasing lock on daemon addresses registry.
2026-08-10T11:29:21.181+0530 [DEBUG] [org.gradle.launcher.daemon.server.Daemon] Finished periodic daemon health check.
2026-08-10T11:29:31.182+0530 [DEBUG] [org.gradle.launcher.daemon.server.Daemon] Starting periodic daemon health check.
2026-08-10T11:29:31.183+0530 [DEBUG] [org.gradle.cache.internal.DefaultFileLockManager] Waiting to acquire shared lock on daemon addresses registry.
2026-08-10T11:29:31.184+0530 [DEBUG] [org.gradle.cache.internal.DefaultFileLockManager] Lock acquired on daemon addresses registry.
2026-08-10T11:29:31.184+0530 [DEBUG] [org.gradle.cache.internal.DefaultFileLockManager] Releasing lock on daemon addresses registry.
2026-08-10T11:29:31.185+0530 [DEBUG] [org.gradle.cache.internal.DefaultFileLockManager] Waiting to acquire shared lock on daemon addresses registry.
2026-08-10T11:29:31.185+0530 [DEBUG] [org.gradle.cache.internal.DefaultFileLockManager] Lock acquired on daemon addresses registry.
2026-08-10T11:29:31.186+0530 [DEBUG] [org.gradle.cache.internal.DefaultFileLockManager] Releasing lock on daemon addresses registry.
2026-08-10T11:29:31.186+0530 [DEBUG] [org.gradle.launcher.daemon.server.Daemon] Finished periodic daemon health check.
2026-08-10T11:29:41.178+0530 [DEBUG] [org.gradle.launcher.daemon.server.Daemon] Starting periodic daemon health check.
2026-08-10T11:29:41.180+0530 [DEBUG] [org.gradle.cache.internal.DefaultFileLockManager] Waiting to acquire shared lock on daemon addresses registry.
2026-08-10T11:29:41.181+0530 [DEBUG] [org.gradle.cache.internal.DefaultFileLockManager] Lock acquired on daemon addresses registry.
2026-08-10T11:29:41.181+0530 [DEBUG] [org.gradle.cache.internal.DefaultFileLockManager] Releasing lock on daemon addresses registry.
2026-08-10T11:29:41.182+0530 [DEBUG] [org.gradle.cache.internal.DefaultFileLockManager] Waiting to acquire shared lock on daemon addresses registry.
2026-08-10T11:29:41.182+0530 [DEBUG] [org.gradle.cache.internal.DefaultFileLockManager] Lock acquired on daemon addresses registry.
2026-08-10T11:29:41.182+0530 [DEBUG] [org.gradle.cache.internal.DefaultFileLockManager] Releasing lock on daemon addresses registry.
2026-08-10T11:29:41.182+0530 [DEBUG] [org.gradle.launcher.daemon.server.Daemon] Finished periodic daemon health check.
2026-08-10T11:29:51.178+0530 [DEBUG] [org.gradle.launcher.daemon.server.Daemon] Starting periodic daemon health check.
2026-08-10T11:29:51.179+0530 [DEBUG] [org.gradle.cache.internal.DefaultFileLockManager] Waiting to acquire shared lock on daemon addresses registry.
2026-08-10T11:29:51.179+0530 [DEBUG] [org.gradle.cache.internal.DefaultFileLockManager] Lock acquired on daemon addresses registry.
2026-08-10T11:29:51.179+0530 [DEBUG] [org.gradle.cache.internal.DefaultFileLockManager] Releasing lock on daemon addresses registry.
2026-08-10T11:29:51.180+0530 [DEBUG] [org.gradle.cache.internal.DefaultFileLockManager] Waiting to acquire shared lock on daemon addresses registry.
2026-08-10T11:29:51.181+0530 [DEBUG] [org.gradle.cache.internal.DefaultFileLockManager] Lock acquired on daemon addresses registry.
2026-08-10T11:29:51.181+0530 [DEBUG] [org.gradle.cache.internal.DefaultFileLockManager] Releasing lock on daemon addresses registry.
2026-08-10T11:29:51.181+0530 [DEBUG] [org.gradle.launcher.daemon.server.Daemon] Finished periodic daemon health check.
2026-08-10T11:30:01.178+0530 [DEBUG] [org.gradle.launcher.daemon.server.Daemon] Starting periodic daemon health check.
2026-08-10T11:30:01.179+0530 [DEBUG] [org.gradle.cache.internal.DefaultFileLockManager] Waiting to acquire shared lock on daemon addresses registry.
2026-08-10T11:30:01.180+0530 [DEBUG] [org.gradle.cache.internal.DefaultFileLockManager] Lock acquired on daemon addresses registry.
2026-08-10T11:30:01.180+0530 [DEBUG] [org.gradle.cache.internal.DefaultFileLockManager] Releasing lock on daemon addresses registry.
2026-08-10T11:30:01.180+0530 [DEBUG] [org.gradle.cache.internal.DefaultFileLockManager] Waiting to acquire shared lock on daemon addresses registry.
2026-08-10T11:30:01.181+0530 [DEBUG] [org.gradle.cache.internal.DefaultFileLockManager] Lock acquired on daemon addresses registry.
2026-08-10T11:30:01.181+0530 [DEBUG] [org.gradle.cache.internal.DefaultFileLockManager] Releasing lock on daemon addresses registry.
2026-08-10T11:30:01.181+0530 [DEBUG] [org.gradle.launcher.daemon.server.Daemon] Finished periodic daemon health check.
2026-08-10T11:30:11.182+0530 [DEBUG] [org.gradle.launcher.daemon.server.Daemon] Starting periodic daemon health check.
2026-08-10T11:30:11.183+0530 [DEBUG] [org.gradle.cache.internal.DefaultFileLockManager] Waiting to acquire shared lock on daemon addresses registry.
2026-08-10T11:30:11.183+0530 [DEBUG] [org.gradle.cache.internal.DefaultFileLockManager] Lock acquired on daemon addresses registry.
2026-08-10T11:30:11.183+0530 [DEBUG] [org.gradle.cache.internal.DefaultFileLockManager] Releasing lock on daemon addresses registry.
2026-08-10T11:30:11.183+0530 [DEBUG] [org.gradle.cache.internal.DefaultFileLockManager] Waiting to acquire shared lock on daemon addresses registry.
2026-08-10T11:30:11.183+0530 [DEBUG] [org.gradle.cache.internal.DefaultFileLockManager] Lock acquired on daemon addresses registry.
2026-08-10T11:30:11.183+0530 [DEBUG] [org.gradle.cache.internal.DefaultFileLockManager] Releasing lock on daemon addresses registry.
2026-08-10T11:30:11.183+0530 [DEBUG] [org.gradle.launcher.daemon.server.Daemon] Finished periodic daemon health check.
2026-08-10T11:30:21.178+0530 [DEBUG] [org.gradle.launcher.daemon.server.Daemon] Starting periodic daemon health check.
2026-08-10T11:30:21.178+0530 [DEBUG] [org.gradle.cache.internal.DefaultFileLockManager] Waiting to acquire shared lock on daemon addresses registry.
2026-08-10T11:30:21.179+0530 [DEBUG] [org.gradle.cache.internal.DefaultFileLockManager] Lock acquired on daemon addresses registry.
2026-08-10T11:30:21.179+0530 [DEBUG] [org.gradle.cache.internal.DefaultFileLockManager] Releasing lock on daemon addresses registry.
2026-08-10T11:30:21.180+0530 [DEBUG] [org.gradle.cache.internal.DefaultFileLockManager] Waiting to acquire shared lock on daemon addresses registry.
2026-08-10T11:30:21.180+0530 [DEBUG] [org.gradle.cache.internal.DefaultFileLockManager] Lock acquired on daemon addresses registry.
2026-08-10T11:30:21.181+0530 [DEBUG] [org.gradle.cache.internal.DefaultFileLockManager] Releasing lock on daemon addresses registry.
2026-08-10T11:30:21.181+0530 [DEBUG] [org.gradle.launcher.daemon.server.Daemon] Finished periodic daemon health check.
2026-08-10T11:30:31.182+0530 [DEBUG] [org.gradle.launcher.daemon.server.Daemon] Starting periodic daemon health check.
2026-08-10T11:30:31.182+0530 [DEBUG] [org.gradle.cache.internal.DefaultFileLockManager] Waiting to acquire shared lock on daemon addresses registry.
2026-08-10T11:30:31.183+0530 [DEBUG] [org.gradle.cache.internal.DefaultFileLockManager] Lock acquired on daemon addresses registry.
2026-08-10T11:30:31.183+0530 [DEBUG] [org.gradle.cache.internal.DefaultFileLockManager] Releasing lock on daemon addresses registry.
2026-08-10T11:30:31.184+0530 [DEBUG] [org.gradle.cache.internal.DefaultFileLockManager] Waiting to acquire shared lock on daemon addresses registry.
2026-08-10T11:30:31.184+0530 [DEBUG] [org.gradle.cache.internal.DefaultFileLockManager] Lock acquired on daemon addresses registry.
2026-08-10T11:30:31.184+0530 [DEBUG] [org.gradle.cache.internal.DefaultFileLockManager] Releasing lock on daemon addresses registry.
2026-08-10T11:30:31.184+0530 [DEBUG] [org.gradle.launcher.daemon.server.Daemon] Finished periodic daemon health check.
2026-08-10T11:30:41.180+0530 [DEBUG] [org.gradle.launcher.daemon.server.Daemon] Starting periodic daemon health check.
2026-08-10T11:30:41.181+0530 [DEBUG] [org.gradle.cache.internal.DefaultFileLockManager] Waiting to acquire shared lock on daemon addresses registry.
2026-08-10T11:30:41.181+0530 [DEBUG] [org.gradle.cache.internal.DefaultFileLockManager] Lock acquired on daemon addresses registry.
2026-08-10T11:30:41.182+0530 [DEBUG] [org.gradle.cache.internal.DefaultFileLockManager] Releasing lock on daemon addresses registry.
2026-08-10T11:30:41.183+0530 [DEBUG] [org.gradle.cache.internal.DefaultFileLockManager] Waiting to acquire shared lock on daemon addresses registry.
2026-08-10T11:30:41.183+0530 [DEBUG] [org.gradle.cache.internal.DefaultFileLockManager] Lock acquired on daemon addresses registry.
2026-08-10T11:30:41.183+0530 [DEBUG] [org.gradle.cache.internal.DefaultFileLockManager] Releasing lock on daemon addresses registry.
2026-08-10T11:30:41.184+0530 [DEBUG] [org.gradle.launcher.daemon.server.Daemon] Finished periodic daemon health check.
2026-08-10T11:30:51.182+0530 [DEBUG] [org.gradle.launcher.daemon.server.Daemon] Starting periodic daemon health check.
2026-08-10T11:30:51.183+0530 [DEBUG] [org.gradle.cache.internal.DefaultFileLockManager] Waiting to acquire shared lock on daemon addresses registry.
2026-08-10T11:30:51.183+0530 [DEBUG] [org.gradle.cache.internal.DefaultFileLockManager] Lock acquired on daemon addresses registry.
2026-08-10T11:30:51.183+0530 [DEBUG] [org.gradle.cache.internal.DefaultFileLockManager] Releasing lock on daemon addresses registry.
2026-08-10T11:30:51.183+0530 [DEBUG] [org.gradle.cache.internal.DefaultFileLockManager] Waiting to acquire shared lock on daemon addresses registry.
2026-08-10T11:30:51.183+0530 [DEBUG] [org.gradle.cache.internal.DefaultFileLockManager] Lock acquired on daemon addresses registry.
2026-08-10T11:30:51.183+0530 [DEBUG] [org.gradle.cache.internal.DefaultFileLockManager] Releasing lock on daemon addresses registry.
2026-08-10T11:30:51.183+0530 [DEBUG] [org.gradle.launcher.daemon.server.Daemon] Finished periodic daemon health check.
2026-08-10T11:31:01.178+0530 [DEBUG] [org.gradle.launcher.daemon.server.Daemon] Starting periodic daemon health check.
2026-08-10T11:31:01.179+0530 [DEBUG] [org.gradle.cache.internal.DefaultFileLockManager] Waiting to acquire shared lock on daemon addresses registry.
2026-08-10T11:31:01.179+0530 [DEBUG] [org.gradle.cache.internal.DefaultFileLockManager] Lock acquired on daemon addresses registry.
2026-08-10T11:31:01.179+0530 [DEBUG] [org.gradle.cache.internal.DefaultFileLockManager] Releasing lock on daemon addresses registry.
2026-08-10T11:31:01.179+0530 [DEBUG] [org.gradle.cache.internal.DefaultFileLockManager] Waiting to acquire shared lock on daemon addresses registry.
2026-08-10T11:31:01.179+0530 [DEBUG] [org.gradle.cache.internal.DefaultFileLockManager] Lock acquired on daemon addresses registry.
2026-08-10T11:31:01.179+0530 [DEBUG] [org.gradle.cache.internal.DefaultFileLockManager] Releasing lock on daemon addresses registry.
2026-08-10T11:31:01.179+0530 [DEBUG] [org.gradle.launcher.daemon.server.Daemon] Finished periodic daemon health check.
2026-08-10T11:31:11.177+0530 [DEBUG] [org.gradle.launcher.daemon.server.Daemon] Starting periodic daemon health check.
2026-08-10T11:31:11.179+0530 [DEBUG] [org.gradle.cache.internal.DefaultFileLockManager] Waiting to acquire shared lock on daemon addresses registry.
2026-08-10T11:31:11.179+0530 [DEBUG] [org.gradle.cache.internal.DefaultFileLockManager] Lock acquired on daemon addresses registry.
2026-08-10T11:31:11.180+0530 [DEBUG] [org.gradle.cache.internal.DefaultFileLockManager] Releasing lock on daemon addresses registry.
2026-08-10T11:31:11.180+0530 [DEBUG] [org.gradle.cache.internal.DefaultFileLockManager] Waiting to acquire shared lock on daemon addresses registry.
2026-08-10T11:31:11.181+0530 [DEBUG] [org.gradle.cache.internal.DefaultFileLockManager] Lock acquired on daemon addresses registry.
2026-08-10T11:31:11.181+0530 [DEBUG] [org.gradle.cache.internal.DefaultFileLockManager] Releasing lock on daemon addresses registry.
2026-08-10T11:31:11.181+0530 [DEBUG] [org.gradle.launcher.daemon.server.Daemon] Finished periodic daemon health check.
2026-08-10T11:31:21.182+0530 [DEBUG] [org.gradle.launcher.daemon.server.Daemon] Starting periodic daemon health check.
2026-08-10T11:31:21.183+0530 [DEBUG] [org.gradle.cache.internal.DefaultFileLockManager] Waiting to acquire shared lock on daemon addresses registry.
2026-08-10T11:31:21.184+0530 [DEBUG] [org.gradle.cache.internal.DefaultFileLockManager] Lock acquired on daemon addresses registry.
2026-08-10T11:31:21.184+0530 [DEBUG] [org.gradle.cache.internal.DefaultFileLockManager] Releasing lock on daemon addresses registry.
2026-08-10T11:31:21.185+0530 [DEBUG] [org.gradle.cache.internal.DefaultFileLockManager] Waiting to acquire shared lock on daemon addresses registry.
2026-08-10T11:31:21.185+0530 [DEBUG] [org.gradle.cache.internal.DefaultFileLockManager] Lock acquired on daemon addresses registry.
2026-08-10T11:31:21.185+0530 [DEBUG] [org.gradle.cache.internal.DefaultFileLockManager] Releasing lock on daemon addresses registry.
2026-08-10T11:31:21.186+0530 [DEBUG] [org.gradle.launcher.daemon.server.Daemon] Finished periodic daemon health check.
2026-08-10T11:31:31.179+0530 [DEBUG] [org.gradle.launcher.daemon.server.Daemon] Starting periodic daemon health check.
2026-08-10T11:31:31.180+0530 [DEBUG] [org.gradle.cache.internal.DefaultFileLockManager] Waiting to acquire shared lock on daemon addresses registry.
2026-08-10T11:31:31.181+0530 [DEBUG] [org.gradle.cache.internal.DefaultFileLockManager] Lock acquired on daemon addresses registry.
2026-08-10T11:31:31.181+0530 [DEBUG] [org.gradle.cache.internal.DefaultFileLockManager] Releasing lock on daemon addresses registry.
2026-08-10T11:31:31.182+0530 [DEBUG] [org.gradle.cache.internal.DefaultFileLockManager] Waiting to acquire shared lock on daemon addresses registry.
2026-08-10T11:31:31.182+0530 [DEBUG] [org.gradle.cache.internal.DefaultFileLockManager] Lock acquired on daemon addresses registry.
2026-08-10T11:31:31.183+0530 [DEBUG] [org.gradle.cache.internal.DefaultFileLockManager] Releasing lock on daemon addresses registry.
2026-08-10T11:31:31.183+0530 [DEBUG] [org.gradle.launcher.daemon.server.Daemon] Finished periodic daemon health check.
2026-08-10T11:31:37.209+0530 [DEBUG] [org.gradle.internal.watch.vfs.impl.WatchingVirtualFileSystem] Handling VFS change MODIFIED /Users/eesaramegasooriya/Documents/Projects/My Projects/drive/drive/src/main/resources/application.properties
2026-08-10T11:31:41.182+0530 [DEBUG] [org.gradle.launcher.daemon.server.Daemon] Starting periodic daemon health check.
2026-08-10T11:31:41.184+0530 [DEBUG] [org.gradle.cache.internal.DefaultFileLockManager] Waiting to acquire shared lock on daemon addresses registry.
2026-08-10T11:31:41.184+0530 [DEBUG] [org.gradle.cache.internal.DefaultFileLockManager] Lock acquired on daemon addresses registry.
2026-08-10T11:31:41.184+0530 [DEBUG] [org.gradle.cache.internal.DefaultFileLockManager] Releasing lock on daemon addresses registry.
2026-08-10T11:31:41.184+0530 [DEBUG] [org.gradle.cache.internal.DefaultFileLockManager] Waiting to acquire shared lock on daemon addresses registry.
2026-08-10T11:31:41.184+0530 [DEBUG] [org.gradle.cache.internal.DefaultFileLockManager] Lock acquired on daemon addresses registry.
2026-08-10T11:31:41.184+0530 [DEBUG] [org.gradle.cache.internal.DefaultFileLockManager] Releasing lock on daemon addresses registry.
2026-08-10T11:31:41.184+0530 [DEBUG] [org.gradle.launcher.daemon.server.Daemon] Finished periodic daemon health check.
2026-08-10T11:31:42.893+0530 [DEBUG] [org.gradle.internal.watch.vfs.impl.WatchingVirtualFileSystem] Handling VFS change REMOVED /Users/eesaramegasooriya/Documents/Projects/My Projects/drive/drive/build/resources/main/db/logs.sql
2026-08-10T11:31:42.894+0530 [DEBUG] [org.gradle.internal.watch.vfs.impl.WatchingVirtualFileSystem] Handling VFS change REMOVED /Users/eesaramegasooriya/Documents/Projects/My Projects/drive/drive/build/resources/main/db/sharelinks.sql
2026-08-10T11:31:42.894+0530 [DEBUG] [org.gradle.internal.watch.vfs.impl.WatchingVirtualFileSystem] Handling VFS change REMOVED /Users/eesaramegasooriya/Documents/Projects/My Projects/drive/drive/build/resources/main/db/files.db
2026-08-10T11:31:42.894+0530 [DEBUG] [org.gradle.internal.watch.vfs.impl.WatchingVirtualFileSystem] Handling VFS change REMOVED /Users/eesaramegasooriya/Documents/Projects/My Projects/drive/drive/build/resources/main/db/user.db
2026-08-10T11:31:42.894+0530 [DEBUG] [org.gradle.internal.watch.vfs.impl.WatchingVirtualFileSystem] Handling VFS change REMOVED /Users/eesaramegasooriya/Documents/Projects/My Projects/drive/drive/build/resources/main/application.properties
2026-08-10T11:31:42.894+0530 [DEBUG] [org.gradle.internal.watch.vfs.impl.WatchingVirtualFileSystem] Handling VFS change REMOVED /Users/eesaramegasooriya/Documents/Projects/My Projects/drive/drive/build/resources/main/db/folders.db
2026-08-10T11:31:42.895+0530 [DEBUG] [org.gradle.internal.watch.vfs.impl.WatchingVirtualFileSystem] Handling VFS change MODIFIED /Users/eesaramegasooriya/Documents/Projects/My Projects/drive/drive/build/resources/main/db
2026-08-10T11:31:42.895+0530 [DEBUG] [org.gradle.internal.watch.vfs.impl.WatchingVirtualFileSystem] Handling VFS change MODIFIED /Users/eesaramegasooriya/Documents/Projects/My Projects/drive/drive/build/resources/main/static
2026-08-10T11:31:42.895+0530 [DEBUG] [org.gradle.internal.watch.vfs.impl.WatchingVirtualFileSystem] Handling VFS change MODIFIED /Users/eesaramegasooriya/Documents/Projects/My Projects/drive/drive/build/resources/main/templates
2026-08-10T11:31:42.895+0530 [DEBUG] [org.gradle.internal.watch.vfs.impl.WatchingVirtualFileSystem] Handling VFS change MODIFIED /Users/eesaramegasooriya/Documents/Projects/My Projects/drive/drive/build/resources/main/graphql
2026-08-10T11:31:51.178+0530 [DEBUG] [org.gradle.launcher.daemon.server.Daemon] Starting periodic daemon health check.
2026-08-10T11:31:51.178+0530 [DEBUG] [org.gradle.cache.internal.DefaultFileLockManager] Waiting to acquire shared lock on daemon addresses registry.
2026-08-10T11:31:51.178+0530 [DEBUG] [org.gradle.cache.internal.DefaultFileLockManager] Lock acquired on daemon addresses registry.
2026-08-10T11:31:51.178+0530 [DEBUG] [org.gradle.cache.internal.DefaultFileLockManager] Releasing lock on daemon addresses registry.
2026-08-10T11:31:51.178+0530 [DEBUG] [org.gradle.cache.internal.DefaultFileLockManager] Waiting to acquire shared lock on daemon addresses registry.
2026-08-10T11:31:51.178+0530 [DEBUG] [org.gradle.cache.internal.DefaultFileLockManager] Lock acquired on daemon addresses registry.
2026-08-10T11:31:51.178+0530 [DEBUG] [org.gradle.cache.internal.DefaultFileLockManager] Releasing lock on daemon addresses registry.
2026-08-10T11:31:51.178+0530 [DEBUG] [org.gradle.launcher.daemon.server.Daemon] Finished periodic daemon health check.
2026-08-10T11:32:01.182+0530 [DEBUG] [org.gradle.launcher.daemon.server.Daemon] Starting periodic daemon health check.
2026-08-10T11:32:01.182+0530 [DEBUG] [org.gradle.cache.internal.DefaultFileLockManager] Waiting to acquire shared lock on daemon addresses registry.
2026-08-10T11:32:01.182+0530 [DEBUG] [org.gradle.cache.internal.DefaultFileLockManager] Lock acquired on daemon addresses registry.
2026-08-10T11:32:01.182+0530 [DEBUG] [org.gradle.cache.internal.DefaultFileLockManager] Releasing lock on daemon addresses registry.
2026-08-10T11:32:01.182+0530 [DEBUG] [org.gradle.cache.internal.DefaultFileLockManager] Waiting to acquire shared lock on daemon addresses registry.
2026-08-10T11:32:01.182+0530 [DEBUG] [org.gradle.cache.internal.DefaultFileLockManager] Lock acquired on daemon addresses registry.
2026-08-10T11:32:01.182+0530 [DEBUG] [org.gradle.cache.internal.DefaultFileLockManager] Releasing lock on daemon addresses registry.
2026-08-10T11:32:01.182+0530 [DEBUG] [org.gradle.launcher.daemon.server.Daemon] Finished periodic daemon health check.
2026-08-10T11:32:11.182+0530 [DEBUG] [org.gradle.launcher.daemon.server.Daemon] Starting periodic daemon health check.
2026-08-10T11:32:11.183+0530 [DEBUG] [org.gradle.cache.internal.DefaultFileLockManager] Waiting to acquire shared lock on daemon addresses registry.
2026-08-10T11:32:11.183+0530 [DEBUG] [org.gradle.cache.internal.DefaultFileLockManager] Lock acquired on daemon addresses registry.
2026-08-10T11:32:11.183+0530 [DEBUG] [org.gradle.cache.internal.DefaultFileLockManager] Releasing lock on daemon addresses registry.
2026-08-10T11:32:11.183+0530 [DEBUG] [org.gradle.cache.internal.DefaultFileLockManager] Waiting to acquire shared lock on daemon addresses registry.
2026-08-10T11:32:11.183+0530 [DEBUG] [org.gradle.cache.internal.DefaultFileLockManager] Lock acquired on daemon addresses registry.
2026-08-10T11:32:11.183+0530 [DEBUG] [org.gradle.cache.internal.DefaultFileLockManager] Releasing lock on daemon addresses registry.
2026-08-10T11:32:11.183+0530 [DEBUG] [org.gradle.launcher.daemon.server.Daemon] Finished periodic daemon health check.
2026-08-10T11:32:21.182+0530 [DEBUG] [org.gradle.launcher.daemon.server.Daemon] Starting periodic daemon health check.
2026-08-10T11:32:21.184+0530 [DEBUG] [org.gradle.cache.internal.DefaultFileLockManager] Waiting to acquire shared lock on daemon addresses registry.
2026-08-10T11:32:21.185+0530 [DEBUG] [org.gradle.cache.internal.DefaultFileLockManager] Lock acquired on daemon addresses registry.
2026-08-10T11:32:21.185+0530 [DEBUG] [org.gradle.cache.internal.DefaultFileLockManager] Releasing lock on daemon addresses registry.
2026-08-10T11:32:21.186+0530 [DEBUG] [org.gradle.cache.internal.DefaultFileLockManager] Waiting to acquire shared lock on daemon addresses registry.
2026-08-10T11:32:21.186+0530 [DEBUG] [org.gradle.cache.internal.DefaultFileLockManager] Lock acquired on daemon addresses registry.
2026-08-10T11:32:21.186+0530 [DEBUG] [org.gradle.cache.internal.DefaultFileLockManager] Releasing lock on daemon addresses registry.
2026-08-10T11:32:21.187+0530 [DEBUG] [org.gradle.launcher.daemon.server.Daemon] Finished periodic daemon health check.
2026-08-10T11:32:31.182+0530 [DEBUG] [org.gradle.launcher.daemon.server.Daemon] Starting periodic daemon health check.
2026-08-10T11:32:31.183+0530 [DEBUG] [org.gradle.cache.internal.DefaultFileLockManager] Waiting to acquire shared lock on daemon addresses registry.
2026-08-10T11:32:31.183+0530 [DEBUG] [org.gradle.cache.internal.DefaultFileLockManager] Lock acquired on daemon addresses registry.
2026-08-10T11:32:31.184+0530 [DEBUG] [org.gradle.cache.internal.DefaultFileLockManager] Releasing lock on daemon addresses registry.
2026-08-10T11:32:31.185+0530 [DEBUG] [org.gradle.cache.internal.DefaultFileLockManager] Waiting to acquire shared lock on daemon addresses registry.
2026-08-10T11:32:31.185+0530 [DEBUG] [org.gradle.cache.internal.DefaultFileLockManager] Lock acquired on daemon addresses registry.
2026-08-10T11:32:31.185+0530 [DEBUG] [org.gradle.cache.internal.DefaultFileLockManager] Releasing lock on daemon addresses registry.
2026-08-10T11:32:31.185+0530 [DEBUG] [org.gradle.launcher.daemon.server.Daemon] Finished periodic daemon health check.
2026-08-10T11:32:41.182+0530 [DEBUG] [org.gradle.launcher.daemon.server.Daemon] Starting periodic daemon health check.
2026-08-10T11:32:41.183+0530 [DEBUG] [org.gradle.cache.internal.DefaultFileLockManager] Waiting to acquire shared lock on daemon addresses registry.
2026-08-10T11:32:41.184+0530 [DEBUG] [org.gradle.cache.internal.DefaultFileLockManager] Lock acquired on daemon addresses registry.
2026-08-10T11:32:41.184+0530 [DEBUG] [org.gradle.cache.internal.DefaultFileLockManager] Releasing lock on daemon addresses registry.
2026-08-10T11:32:41.185+0530 [DEBUG] [org.gradle.cache.internal.DefaultFileLockManager] Waiting to acquire shared lock on daemon addresses registry.
2026-08-10T11:32:41.185+0530 [DEBUG] [org.gradle.cache.internal.DefaultFileLockManager] Lock acquired on daemon addresses registry.
2026-08-10T11:32:41.185+0530 [DEBUG] [org.gradle.cache.internal.DefaultFileLockManager] Releasing lock on daemon addresses registry.
2026-08-10T11:32:41.186+0530 [DEBUG] [org.gradle.launcher.daemon.server.Daemon] Finished periodic daemon health check.
2026-08-10T11:32:51.182+0530 [DEBUG] [org.gradle.launcher.daemon.server.Daemon] Starting periodic daemon health check.
2026-08-10T11:32:51.183+0530 [DEBUG] [org.gradle.cache.internal.DefaultFileLockManager] Waiting to acquire shared lock on daemon addresses registry.
2026-08-10T11:32:51.184+0530 [DEBUG] [org.gradle.cache.internal.DefaultFileLockManager] Lock acquired on daemon addresses registry.
2026-08-10T11:32:51.184+0530 [DEBUG] [org.gradle.cache.internal.DefaultFileLockManager] Releasing lock on daemon addresses registry.
2026-08-10T11:32:51.185+0530 [DEBUG] [org.gradle.cache.internal.DefaultFileLockManager] Waiting to acquire shared lock on daemon addresses registry.
2026-08-10T11:32:51.185+0530 [DEBUG] [org.gradle.cache.internal.DefaultFileLockManager] Lock acquired on daemon addresses registry.
2026-08-10T11:32:51.186+0530 [DEBUG] [org.gradle.cache.internal.DefaultFileLockManager] Releasing lock on daemon addresses registry.
2026-08-10T11:32:51.186+0530 [DEBUG] [org.gradle.launcher.daemon.server.Daemon] Finished periodic daemon health check.
2026-08-10T11:33:01.179+0530 [DEBUG] [org.gradle.launcher.daemon.server.Daemon] Starting periodic daemon health check.
2026-08-10T11:33:01.180+0530 [DEBUG] [org.gradle.cache.internal.DefaultFileLockManager] Waiting to acquire shared lock on daemon addresses registry.
2026-08-10T11:33:01.180+0530 [DEBUG] [org.gradle.cache.internal.DefaultFileLockManager] Lock acquired on daemon addresses registry.
2026-08-10T11:33:01.180+0530 [DEBUG] [org.gradle.cache.internal.DefaultFileLockManager] Releasing lock on daemon addresses registry.
2026-08-10T11:33:01.181+0530 [DEBUG] [org.gradle.cache.internal.DefaultFileLockManager] Waiting to acquire shared lock on daemon addresses registry.
2026-08-10T11:33:01.181+0530 [DEBUG] [org.gradle.cache.internal.DefaultFileLockManager] Lock acquired on daemon addresses registry.
2026-08-10T11:33:01.181+0530 [DEBUG] [org.gradle.cache.internal.DefaultFileLockManager] Releasing lock on daemon addresses registry.
2026-08-10T11:33:01.182+0530 [DEBUG] [org.gradle.launcher.daemon.server.Daemon] Finished periodic daemon health check.
2026-08-10T11:33:11.180+0530 [DEBUG] [org.gradle.launcher.daemon.server.Daemon] Starting periodic daemon health check.
2026-08-10T11:33:11.181+0530 [DEBUG] [org.gradle.cache.internal.DefaultFileLockManager] Waiting to acquire shared lock on daemon addresses registry.
2026-08-10T11:33:11.182+0530 [DEBUG] [org.gradle.cache.internal.DefaultFileLockManager] Lock acquired on daemon addresses registry.
2026-08-10T11:33:11.182+0530 [DEBUG] [org.gradle.cache.internal.DefaultFileLockManager] Releasing lock on daemon addresses registry.
2026-08-10T11:33:11.182+0530 [DEBUG] [org.gradle.cache.internal.DefaultFileLockManager] Waiting to acquire shared lock on daemon addresses registry.
2026-08-10T11:33:11.183+0530 [DEBUG] [org.gradle.cache.internal.DefaultFileLockManager] Lock acquired on daemon addresses registry.
2026-08-10T11:33:11.183+0530 [DEBUG] [org.gradle.cache.internal.DefaultFileLockManager] Releasing lock on daemon addresses registry.
2026-08-10T11:33:11.183+0530 [DEBUG] [org.gradle.launcher.daemon.server.Daemon] Finished periodic daemon health check.
2026-08-10T11:33:21.180+0530 [DEBUG] [org.gradle.launcher.daemon.server.Daemon] Starting periodic daemon health check.
2026-08-10T11:33:21.180+0530 [DEBUG] [org.gradle.cache.internal.DefaultFileLockManager] Waiting to acquire shared lock on daemon addresses registry.
2026-08-10T11:33:21.180+0530 [DEBUG] [org.gradle.cache.internal.DefaultFileLockManager] Lock acquired on daemon addresses registry.
2026-08-10T11:33:21.181+0530 [DEBUG] [org.gradle.cache.internal.DefaultFileLockManager] Releasing lock on daemon addresses registry.
2026-08-10T11:33:21.181+0530 [DEBUG] [org.gradle.cache.internal.DefaultFileLockManager] Waiting to acquire shared lock on daemon addresses registry.
2026-08-10T11:33:21.181+0530 [DEBUG] [org.gradle.cache.internal.DefaultFileLockManager] Lock acquired on daemon addresses registry.
2026-08-10T11:33:21.181+0530 [DEBUG] [org.gradle.cache.internal.DefaultFileLockManager] Releasing lock on daemon addresses registry.
2026-08-10T11:33:21.181+0530 [DEBUG] [org.gradle.launcher.daemon.server.Daemon] Finished periodic daemon health check.
2026-08-10T11:33:31.178+0530 [DEBUG] [org.gradle.launcher.daemon.server.Daemon] Starting periodic daemon health check.
2026-08-10T11:33:31.179+0530 [DEBUG] [org.gradle.cache.internal.DefaultFileLockManager] Waiting to acquire shared lock on daemon addresses registry.
2026-08-10T11:33:31.180+0530 [DEBUG] [org.gradle.cache.internal.DefaultFileLockManager] Lock acquired on daemon addresses registry.
2026-08-10T11:33:31.180+0530 [DEBUG] [org.gradle.cache.internal.DefaultFileLockManager] Releasing lock on daemon addresses registry.
2026-08-10T11:33:31.181+0530 [DEBUG] [org.gradle.cache.internal.DefaultFileLockManager] Waiting to acquire shared lock on daemon addresses registry.
2026-08-10T11:33:31.181+0530 [DEBUG] [org.gradle.cache.internal.DefaultFileLockManager] Lock acquired on daemon addresses registry.
2026-08-10T11:33:31.181+0530 [DEBUG] [org.gradle.cache.internal.DefaultFileLockManager] Releasing lock on daemon addresses registry.
2026-08-10T11:33:31.181+0530 [DEBUG] [org.gradle.launcher.daemon.server.Daemon] Finished periodic daemon health check.
2026-08-10T11:33:41.181+0530 [DEBUG] [org.gradle.launcher.daemon.server.Daemon] Starting periodic daemon health check.
2026-08-10T11:33:41.182+0530 [DEBUG] [org.gradle.cache.internal.DefaultFileLockManager] Waiting to acquire shared lock on daemon addresses registry.
2026-08-10T11:33:41.182+0530 [DEBUG] [org.gradle.cache.internal.DefaultFileLockManager] Lock acquired on daemon addresses registry.
2026-08-10T11:33:41.183+0530 [DEBUG] [org.gradle.cache.internal.DefaultFileLockManager] Releasing lock on daemon addresses registry.
2026-08-10T11:33:41.183+0530 [DEBUG] [org.gradle.cache.internal.DefaultFileLockManager] Waiting to acquire shared lock on daemon addresses registry.
2026-08-10T11:33:41.184+0530 [DEBUG] [org.gradle.cache.internal.DefaultFileLockManager] Lock acquired on daemon addresses registry.
2026-08-10T11:33:41.184+0530 [DEBUG] [org.gradle.cache.internal.DefaultFileLockManager] Releasing lock on daemon addresses registry.
2026-08-10T11:33:41.184+0530 [DEBUG] [org.gradle.launcher.daemon.server.Daemon] Finished periodic daemon health check.
2026-08-10T11:33:51.182+0530 [DEBUG] [org.gradle.launcher.daemon.server.Daemon] Starting periodic daemon health check.
2026-08-10T11:33:51.183+0530 [DEBUG] [org.gradle.cache.internal.DefaultFileLockManager] Waiting to acquire shared lock on daemon addresses registry.
2026-08-10T11:33:51.183+0530 [DEBUG] [org.gradle.cache.internal.DefaultFileLockManager] Lock acquired on daemon addresses registry.
2026-08-10T11:33:51.184+0530 [DEBUG] [org.gradle.cache.internal.DefaultFileLockManager] Releasing lock on daemon addresses registry.
2026-08-10T11:33:51.184+0530 [DEBUG] [org.gradle.cache.internal.DefaultFileLockManager] Waiting to acquire shared lock on daemon addresses registry.
2026-08-10T11:33:51.184+0530 [DEBUG] [org.gradle.cache.internal.DefaultFileLockManager] Lock acquired on daemon addresses registry.
2026-08-10T11:33:51.185+0530 [DEBUG] [org.gradle.cache.internal.DefaultFileLockManager] Releasing lock on daemon addresses registry.
2026-08-10T11:33:51.185+0530 [DEBUG] [org.gradle.launcher.daemon.server.Daemon] Finished periodic daemon health check.
2026-08-10T11:34:01.181+0530 [DEBUG] [org.gradle.launcher.daemon.server.Daemon] Starting periodic daemon health check.
2026-08-10T11:34:01.182+0530 [DEBUG] [org.gradle.cache.internal.DefaultFileLockManager] Waiting to acquire shared lock on daemon addresses registry.
2026-08-10T11:34:01.183+0530 [DEBUG] [org.gradle.cache.internal.DefaultFileLockManager] Lock acquired on daemon addresses registry.
2026-08-10T11:34:01.183+0530 [DEBUG] [org.gradle.cache.internal.DefaultFileLockManager] Releasing lock on daemon addresses registry.
2026-08-10T11:34:01.184+0530 [DEBUG] [org.gradle.cache.internal.DefaultFileLockManager] Waiting to acquire shared lock on daemon addresses registry.
2026-08-10T11:34:01.185+0530 [DEBUG] [org.gradle.cache.internal.DefaultFileLockManager] Lock acquired on daemon addresses registry.
2026-08-10T11:34:01.185+0530 [DEBUG] [org.gradle.cache.internal.DefaultFileLockManager] Releasing lock on daemon addresses registry.
2026-08-10T11:34:01.185+0530 [DEBUG] [org.gradle.launcher.daemon.server.Daemon] Finished periodic daemon health check.
2026-08-10T11:34:11.179+0530 [DEBUG] [org.gradle.launcher.daemon.server.Daemon] Starting periodic daemon health check.
2026-08-10T11:34:11.179+0530 [DEBUG] [org.gradle.cache.internal.DefaultFileLockManager] Waiting to acquire shared lock on daemon addresses registry.
2026-08-10T11:34:11.180+0530 [DEBUG] [org.gradle.cache.internal.DefaultFileLockManager] Lock acquired on daemon addresses registry.
2026-08-10T11:34:11.180+0530 [DEBUG] [org.gradle.cache.internal.DefaultFileLockManager] Releasing lock on daemon addresses registry.
2026-08-10T11:34:11.180+0530 [DEBUG] [org.gradle.cache.internal.DefaultFileLockManager] Waiting to acquire shared lock on daemon addresses registry.
2026-08-10T11:34:11.181+0530 [DEBUG] [org.gradle.cache.internal.DefaultFileLockManager] Lock acquired on daemon addresses registry.
2026-08-10T11:34:11.181+0530 [DEBUG] [org.gradle.cache.internal.DefaultFileLockManager] Releasing lock on daemon addresses registry.
2026-08-10T11:34:11.181+0530 [DEBUG] [org.gradle.launcher.daemon.server.Daemon] Finished periodic daemon health check.
2026-08-10T11:34:21.177+0530 [DEBUG] [org.gradle.launcher.daemon.server.Daemon] Starting periodic daemon health check.
2026-08-10T11:34:21.178+0530 [DEBUG] [org.gradle.cache.internal.DefaultFileLockManager] Waiting to acquire shared lock on daemon addresses registry.
2026-08-10T11:34:21.179+0530 [DEBUG] [org.gradle.cache.internal.DefaultFileLockManager] Lock acquired on daemon addresses registry.
2026-08-10T11:34:21.179+0530 [DEBUG] [org.gradle.cache.internal.DefaultFileLockManager] Releasing lock on daemon addresses registry.
2026-08-10T11:34:21.180+0530 [DEBUG] [org.gradle.cache.internal.DefaultFileLockManager] Waiting to acquire shared lock on daemon addresses registry.
2026-08-10T11:34:21.180+0530 [DEBUG] [org.gradle.cache.internal.DefaultFileLockManager] Lock acquired on daemon addresses registry.
2026-08-10T11:34:21.181+0530 [DEBUG] [org.gradle.cache.internal.DefaultFileLockManager] Releasing lock on daemon addresses registry.
2026-08-10T11:34:21.181+0530 [DEBUG] [org.gradle.launcher.daemon.server.Daemon] Finished periodic daemon health check.
2026-08-10T11:34:31.182+0530 [DEBUG] [org.gradle.launcher.daemon.server.Daemon] Starting periodic daemon health check.
2026-08-10T11:34:31.183+0530 [DEBUG] [org.gradle.cache.internal.DefaultFileLockManager] Waiting to acquire shared lock on daemon addresses registry.
2026-08-10T11:34:31.183+0530 [DEBUG] [org.gradle.cache.internal.DefaultFileLockManager] Lock acquired on daemon addresses registry.
2026-08-10T11:34:31.184+0530 [DEBUG] [org.gradle.cache.internal.DefaultFileLockManager] Releasing lock on daemon addresses registry.
2026-08-10T11:34:31.185+0530 [DEBUG] [org.gradle.cache.internal.DefaultFileLockManager] Waiting to acquire shared lock on daemon addresses registry.
2026-08-10T11:34:31.185+0530 [DEBUG] [org.gradle.cache.internal.DefaultFileLockManager] Lock acquired on daemon addresses registry.
2026-08-10T11:34:31.185+0530 [DEBUG] [org.gradle.cache.internal.DefaultFileLockManager] Releasing lock on daemon addresses registry.
2026-08-10T11:34:31.185+0530 [DEBUG] [org.gradle.launcher.daemon.server.Daemon] Finished periodic daemon health check.
2026-08-10T11:34:41.182+0530 [DEBUG] [org.gradle.launcher.daemon.server.Daemon] Starting periodic daemon health check.
2026-08-10T11:34:41.183+0530 [DEBUG] [org.gradle.cache.internal.DefaultFileLockManager] Waiting to acquire shared lock on daemon addresses registry.
2026-08-10T11:34:41.183+0530 [DEBUG] [org.gradle.cache.internal.DefaultFileLockManager] Lock acquired on daemon addresses registry.
2026-08-10T11:34:41.184+0530 [DEBUG] [org.gradle.cache.internal.DefaultFileLockManager] Releasing lock on daemon addresses registry.
2026-08-10T11:34:41.184+0530 [DEBUG] [org.gradle.cache.internal.DefaultFileLockManager] Waiting to acquire shared lock on daemon addresses registry.
2026-08-10T11:34:41.185+0530 [DEBUG] [org.gradle.cache.internal.DefaultFileLockManager] Lock acquired on daemon addresses registry.
2026-08-10T11:34:41.185+0530 [DEBUG] [org.gradle.cache.internal.DefaultFileLockManager] Releasing lock on daemon addresses registry.
2026-08-10T11:34:41.185+0530 [DEBUG] [org.gradle.launcher.daemon.server.Daemon] Finished periodic daemon health check.
2026-08-10T11:34:51.182+0530 [DEBUG] [org.gradle.launcher.daemon.server.Daemon] Starting periodic daemon health check.
2026-08-10T11:34:51.183+0530 [DEBUG] [org.gradle.cache.internal.DefaultFileLockManager] Waiting to acquire shared lock on daemon addresses registry.
2026-08-10T11:34:51.183+0530 [DEBUG] [org.gradle.cache.internal.DefaultFileLockManager] Lock acquired on daemon addresses registry.
2026-08-10T11:34:51.184+0530 [DEBUG] [org.gradle.cache.internal.DefaultFileLockManager] Releasing lock on daemon addresses registry.
2026-08-10T11:34:51.184+0530 [DEBUG] [org.gradle.cache.internal.DefaultFileLockManager] Waiting to acquire shared lock on daemon addresses registry.
2026-08-10T11:34:51.184+0530 [DEBUG] [org.gradle.cache.internal.DefaultFileLockManager] Lock acquired on daemon addresses registry.
2026-08-10T11:34:51.185+0530 [DEBUG] [org.gradle.cache.internal.DefaultFileLockManager] Releasing lock on daemon addresses registry.
2026-08-10T11:34:51.185+0530 [DEBUG] [org.gradle.launcher.daemon.server.Daemon] Finished periodic daemon health check.
2026-08-10T11:35:01.181+0530 [DEBUG] [org.gradle.launcher.daemon.server.Daemon] Starting periodic daemon health check.
2026-08-10T11:35:01.182+0530 [DEBUG] [org.gradle.cache.internal.DefaultFileLockManager] Waiting to acquire shared lock on daemon addresses registry.
2026-08-10T11:35:01.183+0530 [DEBUG] [org.gradle.cache.internal.DefaultFileLockManager] Lock acquired on daemon addresses registry.
2026-08-10T11:35:01.183+0530 [DEBUG] [org.gradle.cache.internal.DefaultFileLockManager] Releasing lock on daemon addresses registry.
2026-08-10T11:35:01.184+0530 [DEBUG] [org.gradle.cache.internal.DefaultFileLockManager] Waiting to acquire shared lock on daemon addresses registry.
2026-08-10T11:35:01.184+0530 [DEBUG] [org.gradle.cache.internal.DefaultFileLockManager] Lock acquired on daemon addresses registry.
2026-08-10T11:35:01.184+0530 [DEBUG] [org.gradle.cache.internal.DefaultFileLockManager] Releasing lock on daemon addresses registry.
2026-08-10T11:35:01.185+0530 [DEBUG] [org.gradle.launcher.daemon.server.Daemon] Finished periodic daemon health check.
2026-08-10T11:35:11.181+0530 [DEBUG] [org.gradle.launcher.daemon.server.Daemon] Starting periodic daemon health check.
2026-08-10T11:35:11.182+0530 [DEBUG] [org.gradle.cache.internal.DefaultFileLockManager] Waiting to acquire shared lock on daemon addresses registry.
2026-08-10T11:35:11.182+0530 [DEBUG] [org.gradle.cache.internal.DefaultFileLockManager] Lock acquired on daemon addresses registry.
2026-08-10T11:35:11.182+0530 [DEBUG] [org.gradle.cache.internal.DefaultFileLockManager] Releasing lock on daemon addresses registry.
2026-08-10T11:35:11.183+0530 [DEBUG] [org.gradle.cache.internal.DefaultFileLockManager] Waiting to acquire shared lock on daemon addresses registry.
2026-08-10T11:35:11.183+0530 [DEBUG] [org.gradle.cache.internal.DefaultFileLockManager] Lock acquired on daemon addresses registry.
2026-08-10T11:35:11.183+0530 [DEBUG] [org.gradle.cache.internal.DefaultFileLockManager] Releasing lock on daemon addresses registry.
2026-08-10T11:35:11.183+0530 [DEBUG] [org.gradle.launcher.daemon.server.Daemon] Finished periodic daemon health check.
2026-08-10T11:35:21.181+0530 [DEBUG] [org.gradle.launcher.daemon.server.Daemon] Starting periodic daemon health check.
2026-08-10T11:35:21.183+0530 [DEBUG] [org.gradle.cache.internal.DefaultFileLockManager] Waiting to acquire shared lock on daemon addresses registry.
2026-08-10T11:35:21.183+0530 [DEBUG] [org.gradle.cache.internal.DefaultFileLockManager] Lock acquired on daemon addresses registry.
2026-08-10T11:35:21.184+0530 [DEBUG] [org.gradle.cache.internal.DefaultFileLockManager] Releasing lock on daemon addresses registry.
2026-08-10T11:35:21.185+0530 [DEBUG] [org.gradle.cache.internal.DefaultFileLockManager] Waiting to acquire shared lock on daemon addresses registry.
2026-08-10T11:35:21.185+0530 [DEBUG] [org.gradle.cache.internal.DefaultFileLockManager] Lock acquired on daemon addresses registry.
2026-08-10T11:35:21.185+0530 [DEBUG] [org.gradle.cache.internal.DefaultFileLockManager] Releasing lock on daemon addresses registry.
2026-08-10T11:35:21.185+0530 [DEBUG] [org.gradle.launcher.daemon.server.Daemon] Finished periodic daemon health check.
2026-08-10T11:35:31.182+0530 [DEBUG] [org.gradle.launcher.daemon.server.Daemon] Starting periodic daemon health check.
2026-08-10T11:35:31.183+0530 [DEBUG] [org.gradle.cache.internal.DefaultFileLockManager] Waiting to acquire shared lock on daemon addresses registry.
2026-08-10T11:35:31.183+0530 [DEBUG] [org.gradle.cache.internal.DefaultFileLockManager] Lock acquired on daemon addresses registry.
2026-08-10T11:35:31.184+0530 [DEBUG] [org.gradle.cache.internal.DefaultFileLockManager] Releasing lock on daemon addresses registry.
2026-08-10T11:35:31.184+0530 [DEBUG] [org.gradle.cache.internal.DefaultFileLockManager] Waiting to acquire shared lock on daemon addresses registry.
2026-08-10T11:35:31.184+0530 [DEBUG] [org.gradle.cache.internal.DefaultFileLockManager] Lock acquired on daemon addresses registry.
2026-08-10T11:35:31.185+0530 [DEBUG] [org.gradle.cache.internal.DefaultFileLockManager] Releasing lock on daemon addresses registry.
2026-08-10T11:35:31.185+0530 [DEBUG] [org.gradle.launcher.daemon.server.Daemon] Finished periodic daemon health check.
2026-08-10T11:35:41.178+0530 [DEBUG] [org.gradle.launcher.daemon.server.Daemon] Starting periodic daemon health check.
2026-08-10T11:35:41.179+0530 [DEBUG] [org.gradle.cache.internal.DefaultFileLockManager] Waiting to acquire shared lock on daemon addresses registry.
2026-08-10T11:35:41.180+0530 [DEBUG] [org.gradle.cache.internal.DefaultFileLockManager] Lock acquired on daemon addresses registry.
2026-08-10T11:35:41.180+0530 [DEBUG] [org.gradle.cache.internal.DefaultFileLockManager] Releasing lock on daemon addresses registry.
2026-08-10T11:35:41.181+0530 [DEBUG] [org.gradle.cache.internal.DefaultFileLockManager] Waiting to acquire shared lock on daemon addresses registry.
2026-08-10T11:35:41.181+0530 [DEBUG] [org.gradle.cache.internal.DefaultFileLockManager] Lock acquired on daemon addresses registry.
2026-08-10T11:35:41.181+0530 [DEBUG] [org.gradle.cache.internal.DefaultFileLockManager] Releasing lock on daemon addresses registry.
2026-08-10T11:35:41.181+0530 [DEBUG] [org.gradle.launcher.daemon.server.Daemon] Finished periodic daemon health check.
2026-08-10T11:35:51.180+0530 [DEBUG] [org.gradle.launcher.daemon.server.Daemon] Starting periodic daemon health check.
2026-08-10T11:35:51.182+0530 [DEBUG] [org.gradle.cache.internal.DefaultFileLockManager] Waiting to acquire shared lock on daemon addresses registry.
2026-08-10T11:35:51.182+0530 [DEBUG] [org.gradle.cache.internal.DefaultFileLockManager] Lock acquired on daemon addresses registry.
2026-08-10T11:35:51.182+0530 [DEBUG] [org.gradle.cache.internal.DefaultFileLockManager] Releasing lock on daemon addresses registry.
2026-08-10T11:35:51.183+0530 [DEBUG] [org.gradle.cache.internal.DefaultFileLockManager] Waiting to acquire shared lock on daemon addresses registry.
2026-08-10T11:35:51.183+0530 [DEBUG] [org.gradle.cache.internal.DefaultFileLockManager] Lock acquired on daemon addresses registry.
2026-08-10T11:35:51.184+0530 [DEBUG] [org.gradle.cache.internal.DefaultFileLockManager] Releasing lock on daemon addresses registry.
2026-08-10T11:35:51.184+0530 [DEBUG] [org.gradle.launcher.daemon.server.Daemon] Finished periodic daemon health check.
2026-08-10T11:36:01.182+0530 [DEBUG] [org.gradle.launcher.daemon.server.Daemon] Starting periodic daemon health check.
2026-08-10T11:36:01.185+0530 [DEBUG] [org.gradle.cache.internal.DefaultFileLockManager] Waiting to acquire shared lock on daemon addresses registry.
2026-08-10T11:36:01.185+0530 [DEBUG] [org.gradle.cache.internal.DefaultFileLockManager] Lock acquired on daemon addresses registry.
2026-08-10T11:36:01.186+0530 [DEBUG] [org.gradle.cache.internal.DefaultFileLockManager] Releasing lock on daemon addresses registry.
2026-08-10T11:36:01.187+0530 [DEBUG] [org.gradle.cache.internal.DefaultFileLockManager] Waiting to acquire shared lock on daemon addresses registry.
2026-08-10T11:36:01.188+0530 [DEBUG] [org.gradle.cache.internal.DefaultFileLockManager] Lock acquired on daemon addresses registry.
2026-08-10T11:36:01.188+0530 [DEBUG] [org.gradle.cache.internal.DefaultFileLockManager] Releasing lock on daemon addresses registry.
2026-08-10T11:36:01.188+0530 [DEBUG] [org.gradle.launcher.daemon.server.Daemon] Finished periodic daemon health check.
Daemon vm is shutting down... The daemon has exited normally or was terminated in response to a user interrupt.
2026-08-10T11:36:09.787+0530 [DEBUG] [org.gradle.launcher.daemon.registry.PersistentDaemonRegistry] Removing daemon address: [03148e70-47a5-4a4e-b856-f1b6d6acb9c8 port:50587, addresses:[localhost/127.0.0.1]]
2026-08-10T11:36:09.789+0530 [DEBUG] [org.gradle.cache.internal.DefaultFileLockManager] Waiting to acquire exclusive lock on daemon addresses registry.
2026-08-10T11:36:09.790+0530 [DEBUG] [org.gradle.cache.internal.DefaultFileLockManager] Lock acquired on daemon addresses registry.
2026-08-10T11:36:09.793+0530 [DEBUG] [org.gradle.cache.internal.DefaultFileLockManager] Releasing lock on daemon addresses registry.
